giftID,childID,gift,cost
1,189,LEGO Technic Lamborghini,46.99
2,64,Chad Valley Trevor Talk Back Dino,7.50
3,148,Bitzee Interactive Digital Pet,26.15
4,162,Furby Purple Interactive Toy Plush,44.99
5,197,Bitzee Interactive Digital Pet,26.15
6,188,Beast Lab Core Line Shark Playset,45.00
7,194,Gabby's Dollhouse Cat Friendship Cruise Ship Playset,34.99
8,57,Fingerlings Monkey Pink - Harmony,11.25
9,189,Bitzee Interactive Digital Pet,26.15
10,196,Chad Valley Trevor Talk Back Dino,7.50
11,91,MGA's Miniverse – Make it Mini Food: Dine,24.99
12,113,Lump of coal,0.5
13,123,LEGO Star Wars Ahsoka Clone Trooper,15.20
14,4,Hot Wheels Monster Trucks Ultimate Crush Yard Playset,29.99
15,72,Lump of coal,0.5
16,22,Chad Valley Wooden Pizza,5.33
17,200,Little Live Pets – My Puppy’s Home Dalmatian Edition,42.40
18,99,Furby Purple Interactive Toy Plush,44.99
19,148,Chad Valley Trevor Talk Back Dino,7.50
20,110,Lump of coal,0.5
21,127,Lump of coal,0.5
22,90,Lump of coal,0.5
23,191,DesignaFriend Connie Fashion Designer Doll,30.00
24,112,MGA's Miniverse – Make it Mini Food: Dine,24.99
25,184,Gabby's Dollhouse Cat Friendship Cruise Ship Playset,34.99
26,82,Furby Purple Interactive Toy Plush,44.99
27,59,Bitzee Interactive Digital Pet,26.15
28,113,Lump of coal,0.5
29,126,LEGO Harry Potter Dobby the House-Elf Figure,18.49
30,194,Nerf Elite 2.0 Double Punch Blaster,14.99
31,139,Hot Wheels Monster Trucks Ultimate Crush Yard Playset,29.99
32,158,LEGO Technic Lamborghini,46.99
33,95,Teenage Mutant Ninja Turtles Pizza Delivery Van,29.99
34,90,Lump of coal,0.5
35,183,Squishmallows Drew the Mint Dragon,40.66
36,144,Lump of coal,0.5
37,164,LEGO Technic Lamborghini,46.99
38,179,LEGO Technic Lamborghini,46.99
39,148,LEGO Harry Potter Dobby the House-Elf Figure,18.49
40,183,Gabby's Dollhouse Cat Friendship Cruise Ship Playset,34.99
41,168,Little Live Pets – My Puppy’s Home Dalmatian Edition,42.40
42,32,LEGO Technic Lamborghini,46.99
43,71,Little Live Pets – My Puppy’s Home Dalmatian Edition,42.40
44,160,DesignaFriend Connie Fashion Designer Doll,30.00
45,146,Chad Valley Wooden Pizza,5.33
46,7,Squishmallows Drew the Mint Dragon,40.66
47,54,Chad Valley Trevor Talk Back Dino,7.50
48,119,MGA's Miniverse – Make it Mini Food: Dine,24.99
49,37,Lump of coal,0.5
50,113,Lump of coal,0.5
51,103,LEGO Star Wars Ahsoka Clone Trooper,15.20
52,73,Chad Valley Trevor Talk Back Dino,7.50
53,179,Fingerlings Monkey Pink - Harmony,11.25
54,105,Chad Valley Wooden 2 in 1 Café,25.00
55,59,MGA's Miniverse – Make it Mini Food: Dine,24.99
56,109,Furby Purple Interactive Toy Plush,44.99
57,59,Chad Valley Wooden Pizza,5.33
58,186,LEGO Harry Potter Dobby the House-Elf Figure,18.49
59,186,Beast Lab Core Line Shark Playset,45.00
60,114,Teenage Mutant Ninja Turtles Pizza Delivery Van,29.99
61,83,Barbie Estate Dolls House and 3 Dolls,150.00
62,111,MGA's Miniverse – Make it Mini Food: Dine,24.99
63,43,Chad Valley Wooden 2 in 1 Café,25.00
64,72,Lump of coal,0.5
65,123,Teenage Mutant Ninja Turtles Pizza Delivery Van,29.99
66,170,Chad Valley Wooden 2 in 1 Café,25.00
67,171,Beast Lab Core Line Shark Playset,45.00
68,79,Fingerlings Monkey Pink - Harmony,11.25
69,179,LEGO Harry Potter Dobby the House-Elf Figure,18.49
70,101,Teenage Mutant Ninja Turtles Pizza Delivery Van,29.99
71,194,LEGO Harry Potter Dobby the House-Elf Figure,18.49
72,164,LEGO Star Wars Ahsoka Clone Trooper,15.20
73,38,Fingerlings Monkey Pink - Harmony,11.25
74,151,MGA's Miniverse – Make it Mini Food: Dine,24.99
75,45,Lump of coal,0.5
76,26,Gabby's Dollhouse Cat Friendship Cruise Ship Playset,34.99
77,102,MGA's Miniverse – Make it Mini Food: Dine,24.99
78,134,DesignaFriend Connie Fashion Designer Doll,30.00
79,128,Teenage Mutant Ninja Turtles Pizza Delivery Van,29.99
80,78,LEGO Harry Potter Dobby the House-Elf Figure,18.49
81,185,Fingerlings Monkey Pink - Harmony,11.25
82,69,Nerf Elite 2.0 Double Punch Blaster,14.99
83,74,Chad Valley Trevor Talk Back Dino,7.50
84,75,Beast Lab Core Line Shark Playset,45.00
85,83,Furby Purple Interactive Toy Plush,44.99
86,161,Furby Purple Interactive Toy Plush,44.99
87,75,Chad Valley Trevor Talk Back Dino,7.50
88,140,Bitzee Interactive Digital Pet,26.15
89,37,Lump of coal,0.5
90,122,Furby Purple Interactive Toy Plush,44.99
91,18,Teenage Mutant Ninja Turtles Pizza Delivery Van,29.99
92,191,Teenage Mutant Ninja Turtles Pizza Delivery Van,29.99
93,189,Beast Lab Core Line Shark Playset,45.00
94,51,Bitzee Interactive Digital Pet,26.15
95,30,Hot Wheels Monster Trucks Ultimate Crush Yard Playset,29.99
96,170,Teenage Mutant Ninja Turtles Pizza Delivery Van,29.99
97,31,LEGO Technic Lamborghini,46.99
98,43,Nerf Elite 2.0 Double Punch Blaster,14.99
99,158,Fingerlings Monkey Pink - Harmony,11.25
100,81,Barbie Estate Dolls House and 3 Dolls,150.00
101,28,Hot Wheels Monster Trucks Ultimate Crush Yard Playset,29.99
102,189,LEGO Harry Potter Dobby the House-Elf Figure,18.49
103,60,Nerf Elite 2.0 Double Punch Blaster,14.99
104,73,Barbie Estate Dolls House and 3 Dolls,150.00
105,1,Little Live Pets – My Puppy’s Home Dalmatian Edition,42.40
106,113,Lump of coal,0.5
107,144,Lump of coal,0.5
108,114,Fingerlings Monkey Pink - Harmony,11.25
109,196,Chad Valley Trevor Talk Back Dino,7.50
110,76,MGA's Miniverse – Make it Mini Food: Dine,24.99
111,134,LEGO Harry Potter Dobby the House-Elf Figure,18.49
112,179,Gabby's Dollhouse Cat Friendship Cruise Ship Playset,34.99
113,158,LEGO Technic Lamborghini,46.99
114,198,LEGO Technic Lamborghini,46.99
115,135,Hot Wheels Monster Trucks Ultimate Crush Yard Playset,29.99
116,192,Bitzee Interactive Digital Pet,26.15
117,30,Fingerlings Monkey Pink - Harmony,11.25
118,80,LEGO Technic Lamborghini,46.99
119,39,Bitzee Interactive Digital Pet,26.15
120,167,Bitzee Interactive Digital Pet,26.15
121,22,Beast Lab Core Line Shark Playset,45.00
122,84,Beast Lab Core Line Shark Playset,45.00
123,186,MGA's Miniverse – Make it Mini Food: Dine,24.99
124,52,Furby Purple Interactive Toy Plush,44.99
125,103,Little Live Pets – My Puppy’s Home Dalmatian Edition,42.40
126,128,Chad Valley Wooden 2 in 1 Café,25.00
127,81,DesignaFriend Connie Fashion Designer Doll,30.00
128,173,Hot Wheels Monster Trucks Ultimate Crush Yard Playset,29.99
129,123,Chad Valley Wooden 2 in 1 Café,25.00
130,191,Chad Valley Wooden 2 in 1 Café,25.00
131,126,MGA's Miniverse – Make it Mini Food: Dine,24.99
132,167,Squishmallows Drew the Mint Dragon,40.66
133,58,Hot Wheels Monster Trucks Ultimate Crush Yard Playset,29.99
134,16,LEGO Star Wars Ahsoka Clone Trooper,15.20
135,110,Lump of coal,0.5
136,138,Beast Lab Core Line Shark Playset,45.00
137,84,Bitzee Interactive Digital Pet,26.15
138,32,Furby Purple Interactive Toy Plush,44.99
139,34,LEGO Technic Lamborghini,46.99
140,192,Chad Valley Wooden 2 in 1 Café,25.00
141,163,Chad Valley Trevor Talk Back Dino,7.50
142,90,Lump of coal,0.5
143,136,Gabby's Dollhouse Cat Friendship Cruise Ship Playset,34.99
144,121,Little Live Pets – My Puppy’s Home Dalmatian Edition,42.40
145,184,MGA's Miniverse – Make it Mini Food: Dine,24.99
146,6,Hot Wheels Monster Trucks Ultimate Crush Yard Playset,29.99
147,50,Chad Valley Trevor Talk Back Dino,7.50
148,83,Gabby's Dollhouse Cat Friendship Cruise Ship Playset,34.99
149,122,Teenage Mutant Ninja Turtles Pizza Delivery Van,29.99
150,1,Squishmallows Drew the Mint Dragon,40.66
151,90,Lump of coal,0.5
152,197,Bitzee Interactive Digital Pet,26.15
153,165,LEGO Harry Potter Dobby the House-Elf Figure,18.49
154,130,Little Live Pets – My Puppy’s Home Dalmatian Edition,42.40
155,135,LEGO Technic Lamborghini,46.99
156,110,Lump of coal,0.5
157,35,Furby Purple Interactive Toy Plush,44.99
158,138,LEGO Technic Lamborghini,46.99
159,108,Furby Purple Interactive Toy Plush,44.99
160,15,Little Live Pets – My Puppy’s Home Dalmatian Edition,42.40
161,80,Bitzee Interactive Digital Pet,26.15
162,161,MGA's Miniverse – Make it Mini Food: Dine,24.99
163,173,Chad Valley Wooden Pizza,5.33
164,33,Barbie Estate Dolls House and 3 Dolls,150.00
165,47,Chad Valley Wooden Pizza,5.33
166,120,Nerf Elite 2.0 Double Punch Blaster,14.99
167,16,DesignaFriend Connie Fashion Designer Doll,30.00
168,77,Bitzee Interactive Digital Pet,26.15
169,133,Lump of coal,0.5
170,146,DesignaFriend Connie Fashion Designer Doll,30.00
171,123,Chad Valley Wooden 2 in 1 Café,25.00
172,54,Little Live Pets – My Puppy’s Home Dalmatian Edition,42.40
173,129,LEGO Star Wars Ahsoka Clone Trooper,15.20
174,170,Little Live Pets – My Puppy’s Home Dalmatian Edition,42.40
175,139,Chad Valley Wooden 2 in 1 Café,25.00
176,200,Furby Purple Interactive Toy Plush,44.99
177,186,LEGO Harry Potter Dobby the House-Elf Figure,18.49
178,49,MGA's Miniverse – Make it Mini Food: Dine,24.99
179,178,Gabby's Dollhouse Cat Friendship Cruise Ship Playset,34.99
180,191,Chad Valley Wooden 2 in 1 Café,25.00
181,186,Barbie Estate Dolls House and 3 Dolls,150.00
182,27,Nerf Elite 2.0 Double Punch Blaster,14.99
183,133,Lump of coal,0.5
184,32,DesignaFriend Connie Fashion Designer Doll,30.00
185,128,Chad Valley Trevor Talk Back Dino,7.50
186,105,Fingerlings Monkey Pink - Harmony,11.25
187,96,Chad Valley Trevor Talk Back Dino,7.50
188,57,DesignaFriend Connie Fashion Designer Doll,30.00
189,78,DesignaFriend Connie Fashion Designer Doll,30.00
190,95,LEGO Harry Potter Dobby the House-Elf Figure,18.49
191,119,Little Live Pets – My Puppy’s Home Dalmatian Edition,42.40
192,137,LEGO Harry Potter Dobby the House-Elf Figure,18.49
193,83,Chad Valley Wooden Pizza,5.33
194,167,Hot Wheels Monster Trucks Ultimate Crush Yard Playset,29.99
195,3,Chad Valley Wooden Pizza,5.33
196,156,Furby Purple Interactive Toy Plush,44.99
197,56,Nerf Elite 2.0 Double Punch Blaster,14.99
198,131,MGA's Miniverse – Make it Mini Food: Dine,24.99
199,175,MGA's Miniverse – Make it Mini Food: Dine,24.99
200,144,Lump of coal,0.5
201,140,LEGO Harry Potter Dobby the House-Elf Figure,18.49
202,196,LEGO Star Wars Ahsoka Clone Trooper,15.20
203,58,Bitzee Interactive Digital Pet,26.15
204,19,Little Live Pets – My Puppy’s Home Dalmatian Edition,42.40
205,104,Chad Valley Trevor Talk Back Dino,7.50
206,136,Chad Valley Wooden Pizza,5.33
207,156,Hot Wheels Monster Trucks Ultimate Crush Yard Playset,29.99
208,79,MGA's Miniverse – Make it Mini Food: Dine,24.99
209,56,Furby Purple Interactive Toy Plush,44.99
210,24,Lump of coal,0.5
211,71,Bitzee Interactive Digital Pet,26.15
212,106,Little Live Pets – My Puppy’s Home Dalmatian Edition,42.40
213,186,Chad Valley Wooden Pizza,5.33
214,81,Barbie Estate Dolls House and 3 Dolls,150.00
215,174,LEGO Technic Lamborghini,46.99
216,88,Fingerlings Monkey Pink - Harmony,11.25
217,99,Hot Wheels Monster Trucks Ultimate Crush Yard Playset,29.99
218,104,Beast Lab Core Line Shark Playset,45.00
219,153,Teenage Mutant Ninja Turtles Pizza Delivery Van,29.99
220,68,Bitzee Interactive Digital Pet,26.15
221,47,Bitzee Interactive Digital Pet,26.15
222,158,LEGO Star Wars Ahsoka Clone Trooper,15.20
223,45,Lump of coal,0.5
224,124,Chad Valley Trevor Talk Back Dino,7.50
225,88,LEGO Technic Lamborghini,46.99
226,43,Teenage Mutant Ninja Turtles Pizza Delivery Van,29.99
227,52,Squishmallows Drew the Mint Dragon,40.66
228,108,Chad Valley Wooden Pizza,5.33
229,73,LEGO Star Wars Ahsoka Clone Trooper,15.20
230,139,Little Live Pets – My Puppy’s Home Dalmatian Edition,42.40
231,52,LEGO Harry Potter Dobby the House-Elf Figure,18.49
232,69,Chad Valley Trevor Talk Back Dino,7.50
233,130,Chad Valley Trevor Talk Back Dino,7.50
234,164,Gabby's Dollhouse Cat Friendship Cruise Ship Playset,34.99
235,131,Little Live Pets – My Puppy’s Home Dalmatian Edition,42.40
236,101,Squishmallows Drew the Mint Dragon,40.66
237,10,Little Live Pets – My Puppy’s Home Dalmatian Edition,42.40
238,35,Little Live Pets – My Puppy’s Home Dalmatian Edition,42.40
239,181,Little Live Pets – My Puppy’s Home Dalmatian Edition,42.40
240,157,Chad Valley Wooden Pizza,5.33
241,12,LEGO Technic Lamborghini,46.99
242,39,LEGO Harry Potter Dobby the House-Elf Figure,18.49
243,127,Lump of coal,0.5
244,98,Squishmallows Drew the Mint Dragon,40.66
245,108,Furby Purple Interactive Toy Plush,44.99
246,21,Lump of coal,0.5
247,80,DesignaFriend Connie Fashion Designer Doll,30.00
248,31,Hot Wheels Monster Trucks Ultimate Crush Yard Playset,29.99
249,125,Hot Wheels Monster Trucks Ultimate Crush Yard Playset,29.99
250,8,Chad Valley Wooden 2 in 1 Café,25.00
251,9,LEGO Star Wars Ahsoka Clone Trooper,15.20
252,19,MGA's Miniverse – Make it Mini Food: Dine,24.99
253,61,DesignaFriend Connie Fashion Designer Doll,30.00
254,125,MGA's Miniverse – Make it Mini Food: Dine,24.99
255,156,Little Live Pets – My Puppy’s Home Dalmatian Edition,42.40
256,85,Beast Lab Core Line Shark Playset,45.00
257,192,LEGO Technic Lamborghini,46.99
258,63,Teenage Mutant Ninja Turtles Pizza Delivery Van,29.99
259,92,MGA's Miniverse – Make it Mini Food: Dine,24.99
260,9,Fingerlings Monkey Pink - Harmony,11.25
261,185,Hot Wheels Monster Trucks Ultimate Crush Yard Playset,29.99
262,25,Nerf Elite 2.0 Double Punch Blaster,14.99
263,111,LEGO Harry Potter Dobby the House-Elf Figure,18.49
264,196,Chad Valley Wooden 2 in 1 Café,25.00
265,198,Chad Valley Wooden 2 in 1 Café,25.00
266,95,Chad Valley Wooden Pizza,5.33
267,114,Squishmallows Drew the Mint Dragon,40.66
268,130,Beast Lab Core Line Shark Playset,45.00
269,124,Furby Purple Interactive Toy Plush,44.99
270,138,Beast Lab Core Line Shark Playset,45.00
271,149,Little Live Pets – My Puppy’s Home Dalmatian Edition,42.40
272,113,Lump of coal,0.5
273,74,Chad Valley Wooden Pizza,5.33
274,54,Beast Lab Core Line Shark Playset,45.00
275,178,MGA's Miniverse – Make it Mini Food: Dine,24.99
276,130,Fingerlings Monkey Pink - Harmony,11.25
277,54,Chad Valley Trevor Talk Back Dino,7.50
278,127,Lump of coal,0.5
279,86,DesignaFriend Connie Fashion Designer Doll,30.00
280,190,Lump of coal,0.5
281,28,Furby Purple Interactive Toy Plush,44.99
282,122,Furby Purple Interactive Toy Plush,44.99
283,113,Lump of coal,0.5
284,86,Nerf Elite 2.0 Double Punch Blaster,14.99
285,139,Fingerlings Monkey Pink - Harmony,11.25
286,125,DesignaFriend Connie Fashion Designer Doll,30.00
287,92,DesignaFriend Connie Fashion Designer Doll,30.00
288,171,LEGO Star Wars Ahsoka Clone Trooper,15.20
289,116,Teenage Mutant Ninja Turtles Pizza Delivery Van,29.99
290,175,Bitzee Interactive Digital Pet,26.15
291,115,Beast Lab Core Line Shark Playset,45.00
292,121,Furby Purple Interactive Toy Plush,44.99
293,138,Teenage Mutant Ninja Turtles Pizza Delivery Van,29.99
294,66,Barbie Estate Dolls House and 3 Dolls,150.00
295,199,Chad Valley Wooden Pizza,5.33
296,56,Chad Valley Wooden Pizza,5.33
297,60,Gabby's Dollhouse Cat Friendship Cruise Ship Playset,34.99
298,108,Gabby's Dollhouse Cat Friendship Cruise Ship Playset,34.99
299,16,Teenage Mutant Ninja Turtles Pizza Delivery Van,29.99
300,72,Lump of coal,0.5
301,25,Chad Valley Trevor Talk Back Dino,7.50
302,158,Little Live Pets – My Puppy’s Home Dalmatian Edition,42.40
303,14,Fingerlings Monkey Pink - Harmony,11.25
304,138,Chad Valley Wooden 2 in 1 Café,25.00
305,49,Gabby's Dollhouse Cat Friendship Cruise Ship Playset,34.99
306,132,Bitzee Interactive Digital Pet,26.15
307,23,Teenage Mutant Ninja Turtles Pizza Delivery Van,29.99
308,31,Nerf Elite 2.0 Double Punch Blaster,14.99
309,33,MGA's Miniverse – Make it Mini Food: Dine,24.99
310,188,Furby Purple Interactive Toy Plush,44.99
311,155,Gabby's Dollhouse Cat Friendship Cruise Ship Playset,34.99
312,175,Furby Purple Interactive Toy Plush,44.99
313,83,Beast Lab Core Line Shark Playset,45.00
314,169,Fingerlings Monkey Pink - Harmony,11.25
315,107,Squishmallows Drew the Mint Dragon,40.66
316,129,Hot Wheels Monster Trucks Ultimate Crush Yard Playset,29.99
317,138,Squishmallows Drew the Mint Dragon,40.66
318,100,Chad Valley Wooden 2 in 1 Café,25.00
319,98,Bitzee Interactive Digital Pet,26.15
320,162,Gabby's Dollhouse Cat Friendship Cruise Ship Playset,34.99
321,59,Chad Valley Trevor Talk Back Dino,7.50
322,149,Teenage Mutant Ninja Turtles Pizza Delivery Van,29.99
323,88,Chad Valley Wooden 2 in 1 Café,25.00
324,174,LEGO Technic Lamborghini,46.99
325,122,Nerf Elite 2.0 Double Punch Blaster,14.99
326,40,Chad Valley Wooden Pizza,5.33
327,148,Little Live Pets – My Puppy’s Home Dalmatian Edition,42.40
328,35,Gabby's Dollhouse Cat Friendship Cruise Ship Playset,34.99
329,75,Beast Lab Core Line Shark Playset,45.00
330,13,Chad Valley Trevor Talk Back Dino,7.50
331,146,MGA's Miniverse – Make it Mini Food: Dine,24.99
332,14,Nerf Elite 2.0 Double Punch Blaster,14.99
333,27,Beast Lab Core Line Shark Playset,45.00
334,28,LEGO Star Wars Ahsoka Clone Trooper,15.20
335,87,Chad Valley Wooden 2 in 1 Café,25.00
336,33,Little Live Pets – My Puppy’s Home Dalmatian Edition,42.40
337,15,Fingerlings Monkey Pink - Harmony,11.25
338,8,LEGO Star Wars Ahsoka Clone Trooper,15.20
339,128,LEGO Star Wars Ahsoka Clone Trooper,15.20
340,11,Squishmallows Drew the Mint Dragon,40.66
341,33,Chad Valley Trevor Talk Back Dino,7.50
342,75,MGA's Miniverse – Make it Mini Food: Dine,24.99
343,90,Lump of coal,0.5
344,77,Fingerlings Monkey Pink - Harmony,11.25
345,70,Beast Lab Core Line Shark Playset,45.00
346,74,Chad Valley Wooden Pizza,5.33
347,69,LEGO Star Wars Ahsoka Clone Trooper,15.20
348,164,Chad Valley Wooden Pizza,5.33
349,94,Gabby's Dollhouse Cat Friendship Cruise Ship Playset,34.99
350,160,Barbie Estate Dolls House and 3 Dolls,150.00
351,64,LEGO Star Wars Ahsoka Clone Trooper,15.20
352,199,Fingerlings Monkey Pink - Harmony,11.25
353,110,Lump of coal,0.5
354,132,Teenage Mutant Ninja Turtles Pizza Delivery Van,29.99
355,162,Chad Valley Trevor Talk Back Dino,7.50
356,157,Beast Lab Core Line Shark Playset,45.00
357,185,Chad Valley Wooden Pizza,5.33
358,175,MGA's Miniverse – Make it Mini Food: Dine,24.99
359,12,Beast Lab Core Line Shark Playset,45.00
360,136,MGA's Miniverse – Make it Mini Food: Dine,24.99
361,189,Beast Lab Core Line Shark Playset,45.00
362,48,Furby Purple Interactive Toy Plush,44.99
363,51,Squishmallows Drew the Mint Dragon,40.66
364,38,Gabby's Dollhouse Cat Friendship Cruise Ship Playset,34.99
365,109,Hot Wheels Monster Trucks Ultimate Crush Yard Playset,29.99
366,43,Beast Lab Core Line Shark Playset,45.00
367,69,LEGO Star Wars Ahsoka Clone Trooper,15.20
368,11,LEGO Star Wars Ahsoka Clone Trooper,15.20
369,103,Little Live Pets – My Puppy’s Home Dalmatian Edition,42.40
370,169,Bitzee Interactive Digital Pet,26.15
371,112,Squishmallows Drew the Mint Dragon,40.66
372,47,Chad Valley Wooden 2 in 1 Café,25.00
373,138,Fingerlings Monkey Pink - Harmony,11.25
374,15,Chad Valley Wooden Pizza,5.33
375,44,MGA's Miniverse – Make it Mini Food: Dine,24.99
376,113,Lump of coal,0.5
377,169,Furby Purple Interactive Toy Plush,44.99
378,104,Chad Valley Wooden 2 in 1 Café,25.00
379,154,Chad Valley Wooden Pizza,5.33
380,128,LEGO Technic Lamborghini,46.99
381,35,Teenage Mutant Ninja Turtles Pizza Delivery Van,29.99
382,148,Chad Valley Wooden Pizza,5.33
383,140,Teenage Mutant Ninja Turtles Pizza Delivery Van,29.99
384,95,LEGO Star Wars Ahsoka Clone Trooper,15.20
385,2,Teenage Mutant Ninja Turtles Pizza Delivery Van,29.99
386,74,Chad Valley Wooden 2 in 1 Café,25.00
387,74,Little Live Pets – My Puppy’s Home Dalmatian Edition,42.40
388,22,LEGO Harry Potter Dobby the House-Elf Figure,18.49
389,115,Chad Valley Wooden 2 in 1 Café,25.00
390,138,Fingerlings Monkey Pink - Harmony,11.25
391,6,Gabby's Dollhouse Cat Friendship Cruise Ship Playset,34.99
392,193,Bitzee Interactive Digital Pet,26.15
393,121,Barbie Estate Dolls House and 3 Dolls,150.00
394,43,Hot Wheels Monster Trucks Ultimate Crush Yard Playset,29.99
395,40,Squishmallows Drew the Mint Dragon,40.66
396,94,Gabby's Dollhouse Cat Friendship Cruise Ship Playset,34.99
397,185,Furby Purple Interactive Toy Plush,44.99
398,43,Chad Valley Wooden 2 in 1 Café,25.00
399,170,Gabby's Dollhouse Cat Friendship Cruise Ship Playset,34.99
400,39,Chad Valley Wooden 2 in 1 Café,25.00
