Airport,Country,Code,Continent
Kabul - Khwaja Rawash,Afghanistan,KBL,Middle East
Tirana - Rinas,Albania,TIA,Eastern Europe
Algiers,Algeria,ALG,Africa
Annaba,Algeria,AAE,Africa
Constantine,Algeria,CZL,Africa
Oran (Ouahran),Algeria,ORN,Africa
Pago Pago,American Samoa,PPG,South Pacific
Andorra La Vella H/P,Andorra,ALV,Europe
Bengueka,Angola,BUG,Africa
Cabinda,Angola,CAB,Africa
Luanda - 4 de Fevereiro,Angola,LAD,Africa
Anguilla,Anguilla,AXA,Caribbean
Antigua,Antigua,ANU,Caribbean
Buenos Aires,Argentina,AEP,South America
Buenos Aires,Argentina,BUE,South America
Cordoba,Argentina,COR,South America
Ezeiza Int'l Airport,Argentina,EZE,South America
Iguazu,Argentina,IGR,South America
Mar del Plata,Argentina,MDQ,South America
Mendoza,Argentina,MDZ,South America
Rosario,Argentina,ROS,South America
Salta,Argentina,SLA,South America
San Carlos de Bariloche,Argentina,BRC,South America
Santa Rosa,Argentina,RSA,South America
Eriwan (Yerevan,Armenia,EVN,Eastern Europe
Aruba,Aruba,AUA,Caribbean
Adelaide,Australia,ADL,South Pacific
Albany,Australia,ALH,South Pacific
Albury,Australia,ABX,South Pacific
Alice Springs,Australia,ASP,South Pacific
Ayers Rock,Australia,AYQ,South Pacific
Ayr,Australia,AYR,South Pacific
Ballina,Australia,BNK,South Pacific
Bamaga,Australia,ABM,South Pacific
Blackwater,Australia,BLT,South Pacific
Bowen,Australia,ZBO,South Pacific
Brampton Island,Australia,BMP,South Pacific
Brisbane,Australia,BNE,South Pacific
Broken Hill,Australia,BHQ,South Pacific
Broome,Australia,BME,South Pacific
Bundaberg,Australia,BDB,South Pacific
Burnie (Wynyard),Australia,BWT,South Pacific
Cairns,Australia,CNS,South Pacific
Canberra,Australia,CBR,South Pacific
Carnarvon,Australia,CVQ,South Pacific
Casino,Australia,CSI,South Pacific
Ceduna,Australia,CED,South Pacific
Cessnock,Australia,CES,South Pacific
Charters Towers,Australia,CXT,South Pacific
Clermont,Australia,CMQ,South Pacific
Coffs Harbour,Australia,CFS,South Pacific
Collinsville,Australia,KCE,South Pacific
Coober Pedy,Australia,CPD,South Pacific
Cooktown,Australia,CTN,South Pacific
Cooma,Australia,OOM,South Pacific
Dalby,Australia,DBY,South Pacific
Darwin,Australia,DRW,South Pacific
Daydream Island,Australia,DDI,South Pacific
Derby,Australia,DRB,South Pacific
Devonport,Australia,DPO,South Pacific
Dubbo,Australia,DBO,South Pacific
Dunk Iceland,Australia,DKI,South Pacific
Dysart,Australia,DYA,South Pacific
Emerald,Australia,EDR,South Pacific
Emerald,Australia,EMD,South Pacific
Esperance,Australia,EPR,South Pacific
Geelong,Australia,GEX,South Pacific
Geraldton,Australia,GET,South Pacific
Gladstone,Australia,GLT,South Pacific
Gold Coast,Australia,OOL,South Pacific
Goondiwindi,Australia,GOO,South Pacific
Gove (Nhulunbuy),Australia,GOV,South Pacific
Great Keppel Island,Australia,GKL,South Pacific
Griffith,Australia,GFF,South Pacific
Groote Eyeland,Australia,GTE,South Pacific
Groote Eylandt,Australia,GTI,South Pacific
Gympie,Australia,GYP,South Pacific
Hamilton,Australia,HLT,South Pacific
Hamilton Island,Australia,HTI,South Pacific
Hayman Island,Australia,HIS,South Pacific
Hervey Bay,Australia,HVB,South Pacific
Hinchinbrook Island,Australia,HNK,South Pacific
Hobart,Australia,HBA,South Pacific
Home Hill,Australia,HMH,South Pacific
Ingham,Australia,IGH,South Pacific
Innisfail,Australia,IFL,South Pacific
Kalgoorlie,Australia,KGI,South Pacific
Karratha,Australia,KTA,South Pacific
Karumba,Australia,KRB,South Pacific
Katherine,Australia,KTR,South Pacific
Kingscote,Australia,KGC,South Pacific
Kowanyama,Australia,KWM,South Pacific
Kununurra,Australia,KNX,South Pacific
Launceston,Australia,LST,South Pacific
Laverton,Australia,LVO,South Pacific
Learmouth (Exmouth),Australia,LEA,South Pacific
Leinster,Australia,LER,South Pacific
Leonora,Australia,LNO,South Pacific
Lindeman Island,Australia,LDC,South Pacific
Lismore,Australia,LSY,South Pacific
Lizard Island,Australia,LZR,South Pacific
Lockhart River,Australia,IRG,South Pacific
Longreach,Australia,LRE,South Pacific
Mackay,Australia,MKY,South Pacific
Maitland,Australia,MTL,South Pacific
Maryborough,Australia,MBH,South Pacific
Meekatharra,Australia,MKR,South Pacific
Melbourne - Tullamarine,Australia,MEL,South Pacific
Merimbula,Australia,MIM,South Pacific
Middlemount,Australia,MMM,South Pacific
Mildura,Australia,MQL,South Pacific
Moranbah,Australia,MOV,South Pacific
Moree,Australia,MRZ,South Pacific
Mount Gambier,Australia,MGB,South Pacific
Mount Magnet,Australia,MMG,South Pacific
Mt. Isa,Australia,ISA,South Pacific
Narrabri,Australia,NAA,South Pacific
Narrandera,Australia,NRA,South Pacific
Newcastle - Belmont,Australia,BEO,South Pacific
Newcastle - Williamtown,Australia,NTL,South Pacific
Newman,Australia,ZNE,South Pacific
Noosa,Australia,NSA,South Pacific
Norfolk Island,Australia,NLK,South Pacific
Olympic Dam,Australia,OLP,South Pacific
Orange,Australia,OAG,South Pacific
Orpheus Island,Australia,ORS,South Pacific
Paraburdoo,Australia,PBO,South Pacific
Perth Int'l,Australia,PER,South Pacific
Port Augusta,Australia,PUG,South Pacific
Port Hedland,Australia,PHE,South Pacific
Port Lincoln,Australia,PLO,South Pacific
Port Macquarie,Australia,PQQ,South Pacific
Portland,Australia,PTJ,South Pacific
Prosperpine,Australia,PPP,South Pacific
Queenstown,Australia,UEE,South Pacific
Rockhampton,Australia,ROK,South Pacific
Scone,Australia,NSO,South Pacific
Shute Harbour,Australia,JHQ,South Pacific
Singleton,Australia,SIX,South Pacific
South Molle Island,Australia,SOI,South Pacific
Streaky Bay,Australia,KBY,South Pacific
Sunshine Coast,Australia,MCY,South Pacific
Sydney - Kingsford Smith,Australia,SYD,South Pacific
Tamworth,Australia,TMW,South Pacific
Taree,Australia,TRO,South Pacific
Temora,Australia,TEM,South Pacific
Tennant Creek,Australia,TCA,South Pacific
Thursday Island,Australia,TIS,South Pacific
Tom Price,Australia,TPR,South Pacific
Toowoomba,Australia,TWB,South Pacific
Townsville,Australia,TSV,South Pacific
Wagga,Australia,WGA,South Pacific
Warrnambool,Australia,WMB,South Pacific
Weipa,Australia,WEI,South Pacific
Whitsunday Resort,Australia,HAP,South Pacific
Whyalla,Australia,WYA,South Pacific
Wickham,Australia,WHM,South Pacific
Wiluna,Australia,WUN,South Pacific
Wollongong,Australia,WOL,South Pacific
Woomera,Australia,UMR,South Pacific
Wyndham,Australia,WYN,South Pacific
Graz,Austria,GRZ,Europe
Innsbruck - Kranebitten,Austria,INN,Europe
Klagenfurt,Austria,KLU,Europe
Linz - Hoersching,Austria,LNZ,Europe
Salzburg - W.A. Mozart,Austria,SZG,Europe
Wien (Vienna) - Vienna Int'l,Austria,VIE,Europe
Baku,Azerbaijan,BAK,Eastern Europe
Chub Cay,Bahamas,CCZ,Caribbean
Freeport,Bahamas,FPO,Caribbean
Govenors Harbour,Bahamas,GHB,Caribbean
Grand Bahama,Bahamas,GBI,Caribbean
Marsh Harbour,Bahamas,MHH,Caribbean
Nassau,Bahamas,NAS,Caribbean
North Eleuthera,Bahamas,ELH,Caribbean
Rock Sound,Bahamas,RSD,Caribbean
San Salvador,Bahamas,ZSA,Caribbean
Treasure Cay,Bahamas,TCB,Caribbean
Bahrain,Bahrain,BAH,Middle East
Barisal,Bangladesh,BZL,Asia
Chittagong,Bangladesh,CGP,Asia
Dhaka,Bangladesh,DAC,Asia
Sylhet,Bangladesh,ZYL,Asia
Bridgetown,Barbados,BGI,Caribbean
Minsk,Belarus,MSQ,Eastern Europe
Antwerp,Belgium,ANR,Europe
Brussels,Belgium,BRU,Europe
Liege,Belgium,LGG,Europe
Belize City,Belize,BZE,Central America
Cotonou,Benin,COO,Africa
Bermuda,Bermuda,BDA,Caribbean
Paro,Bhutan,PBH,Asia
Cochabamba,Bolivia,CBB,South America
La Paz - El Alto,Bolivia,LPB,South America
Santa Cruz de la Sierra,Bolivia,SRZ,South America
Santa Rosa,Bolivia,SRB,South America
Mostar,Bosnia and Herzegovina,OMO,Eastern Europe
Sarajevo,Bosnia and Herzegovina,SJJ,Eastern Europe
Francistown,Botswana,FRW,Africa
Gaborone,Botswana,GBE,Africa
Maun,Botswana,MUB,Africa
Selibi Phikwe,Botswana,PKW,Africa
Aracaju,Brazil,AJU,South America
Belem,Brazil,BEL,South America
Belo Horizonte,Brazil,CNF,South America
Boa Vista,Brazil,BVB,South America
Brasilia,Brazil,BSB,South America
Campo Grande,Brazil,CGR,South America
Cuiaba,Brazil,CGB,South America
Curitiba,Brazil,CWB,South America
Florianopolis,Brazil,FLN,South America
Fortaleza,Brazil,FOR,South America
Goiania,Brazil,GYN,South America
Joacaba,Brazil,JCB,South America
Joao Pessoa - Castro Pinto,Brazil,JPA,South America
Macapa,Brazil,MCP,South America
Maceio,Brazil,MCZ,South America
Manaus,Brazil,MAO,South America
Montenegro,Brazil,QGF,South America
Natal,Brazil,NAT,South America
Porto Alegre,Brazil,POA,South America
Porto Velho,Brazil,PVH,South America
Recife,Brazil,REC,South America
Rio Branco,Brazil,RBR,South America
Rio de Janeiro,Brazil,RIO,South America
Rio de Janeiro - Galeao,Brazil,GIG,South America
Rio de Janeiro - Santos Dumont,Brazil,SDU,South America
Salvador,Brazil,SSA,South America
Santa Rosa,Brazil,SRA,South America
Sao Luis,Brazil,SLZ,South America
Sao Paulo,Brazil,SAO,South America
Sao Paulo - Congonhas,Brazil,CGH,South America
Sao Paulo - Guarulhos,Brazil,GRU,South America
Sao Paulo - Viracopos,Brazil,VCP,South America
Teresina,Brazil,THE,South America
Uberlandia,Brazil,UDI,South America
Vitoria,Brazil,VIX,South America
Bandar Seri Begawan,Brunei,BWN,Southeast Asia
Kuala Belait,Brunei,KUB,Southeast Asia
Bourgas/Burgas,Bulgaria,BOJ,Eastern Europe
Gorna,Bulgaria,GOZ,Eastern Europe
Ruse,Bulgaria,ROU,Eastern Europe
Silistra,Bulgaria,SLS,Eastern Europe
Sofia - Vrazhdebna,Bulgaria,SOF,Eastern Europe
Targovishte,Bulgaria,TGV,Eastern Europe
Varna,Bulgaria,VAR,Eastern Europe
Vidin,Bulgaria,VID,Eastern Europe
Bobo/Dioulasso,Burkina Faso,BOY,Africa
Ouagadougou,Burkina Faso,OUA,Africa
Bujumbura,Burundi,BJM,Southeast Asia
Phnom Penh - Pochentong,Cambodia,PNH,Southeast Asia
Douala,Cameroon,DLA,Southeast Asia
Garoua,Cameroon,GOU,Southeast Asia
Maroua,Cameroon,MVR,Southeast Asia
N'Gaoundere,Cameroon,NGE,Southeast Asia
Yaounde,Cameroon,YAO,Southeast Asia
Attawapiskat,Canada,YAT,North America
Bonaventure,Canada,YVB,North America
Calgary/Banff,Canada,YYC,North America
Cambridge Bay,Canada,YCB,North America
Churchill,Canada,YYQ,North America
Cienfuegos,Canada,CFG,North America
Deer Lake/Corner Brook,Canada,YDF,North America
Edmonton,Canada,YEA,North America
Edmonton,Canada,YEG,North America
Edmonton,Canada,YXD,North America
Flin Flon,Canada,YFO,North America
Fort Albert,Canada,YFA,North America
Fort McMurray,Canada,YMM,North America
Fort Smith,Canada,YSM,North America
Fort St. John,Canada,YXJ,North America
Fredericton,Canada,YFC,North America
Gander,Canada,YQX,North America
Gillam,Canada,YGX,North America
Goose Bay,Canada,YYR,North America
Halifax Int'l,Canada,YHZ,North America
Hall Beach,Canada,YUX,North America
Hamilton,Canada,YHM,North America
Harrington Harbour,Canada,YHR,North America
Inuvik,Canada,YEV,North America
Iqaluit (Frobisher Bay),Canada,YFB,North America
Kaschechawan,Canada,ZKE,North America
Kelowna,Canada,YLW,North America
Kuujjuaq (FortChimo),Canada,YVP,North America
Kuujjuarapik,Canada,YGW,North America
La Grande,Canada,YGL,North America
Lac Brochet,Canada,XLB,North America
Leaf Rapids,Canada,YLR,North America
London,Canada,YXU,North America
Moncton,Canada,YQM,North America
Montreal,Canada,YMQ,North America
Montreal - Dorval (Montréal-Trudeau),Canada,YUL,North America
Montreal - Mirabel,Canada,YMX,North America
Nanisivik,Canada,YSR,North America
Norman Wells,Canada,YVQ,North America
Ottawa - Hull,Canada,YOW,North America
Port Menier,Canada,YPN,North America
Prince George,Canada,YXS,North America
Prince Rupert/Digby Island,Canada,YPR,North America
Pukatawagan,Canada,XPK,North America
Quebec - Quebec Int'l,Canada,YQB,North America
Rainbow Lake,Canada,YOP,North America
Regina,Canada,YQR,North America
Resolute Bay,Canada,YRB,North America
Saint John,Canada,YSJ,North America
Sandspit,Canada,YZP,North America
Saskatoon,Canada,YXE,North America
Shamattawa,Canada,ZTM,North America
Smithers,Canada,YYD,North America
South Indian Lake,Canada,XSI,North America
St. Augustin,Canada,YIF,North America
St. John's,Canada,YYT,North America
St. Pierre,Canada,FSP,North America
Terrace,Canada,YXT,North America
The Pas,Canada,YQD,North America
Thompson,Canada,YTH,North America
Thunder Bay,Canada,YQT,North America
Toronto,Canada,YTO,North America
Toronto - Lester B. Pearson,Canada,YYZ,North America
Toronto Island,Canada,YTZ,North America
Val d'Or,Canada,YVO,North America
Vancouver - Vancouver Int'l,Canada,YVR,North America
Victoria,Canada,YYJ,North America
Wabush,Canada,YWK,North America
Whale Cove,Canada,YXN,North America
Whitehorse,Canada,YXY,North America
Windsor Ontario,Canada,YQG,North America
Winnipeg Int'l,Canada,YWG,North America
Yellowknife,Canada,YZF,North America
Praia,Cape Verde,RAI,Africa
Sal,Cape Verde,SID,Africa
Grand Cayman,Cayman Islands,GCM,Caribbean
Bambari,Central African Republic,BBY,Africa
Bangassou,Central African Republic,BGU,Africa
Bangui,Central African Republic,BGF,Africa
Berberati,Central African Republic,BBT,Africa
Biraro,Central African Republic,IRO,Africa
Bria,Central African Republic,BIV,Africa
Carnot,Central African Republic,CRF,Africa
Ouadda,Central African Republic,ODA,Africa
Abeche,Chad,AEH,Africa
Moundou,Chad,MQQ,Africa
N'Djamena,Chad,NDJ,Africa
Easter Island,Chile,IPC,South America
Punta Arenas,Chile,PUQ,South America
Santiago de Chile - Arturo Merino Benitez,Chile,SCL,South America
Valparaiso,Chile,VAP,South America
Beijing,China,PEK,Asia
Beijing - Nanyuan Airport,China,NAY,Asia
Changchun,China,CGQ,Asia
Chengdu,China,CTU,Asia
Chongqing,China,CKG,Asia
Dalian,China,DLC,Asia
Dongguan,China,DGM,Asia
Guangzhou (Canton) - Baiyun (White Cloud),China,CAN,Asia
Hangchow (Hangzhou),China,HGH,Asia
Harbin (Haerbin),China,HRB,Asia
Jinan,China,TNA,Asia
Nanning,China,NNG,Asia
Qingdao,China,TAO,Asia
Shanghai - Hongqiao,China,SHA,Asia
Shanghai - Pu Dong,China,PVG,Asia
Shenyang,China,SHE,Asia
Shenzhen,China,SZX,Asia
Taiyuan,China,TYN,Asia
Tianjin,China,TSN,Asia
Urumqi,China,URC,Asia
Wuhan,China,WUH,Asia
Xiamen,China,XMN,Asia
Xi'an - Xianyang,China,XIY,Asia
Macau,China SAR,MFM,Asia
Armenia,Colombia,AXS,South America
Barranquilla,Colombia,BAQ,South America
Bogota,Colombia,BOG,South America
Bucaramanga,Colombia,BGA,South America
Cali,Colombia,CLO,South America
Catagena,Colombia,CTG,South America
Medellin,Colombia,MDE,South America
Pereira,Colombia,PEI,South America
San Andres,Colombia,ADZ,South America
Santa Rosalia,Colombia,SSL,South America
Anjouan,Comoros (Comores),AJN,Africa
Moroni - Iconi,Comoros (Comores),YVA,Africa
Moroni - Prince Said Ibrahim,Comoros (Comores),HAH,Africa
Brazzaville,Congo,BZV,Africa
Pointe Noire,Congo,PNR,Africa
Kinshasa - N'Djili,Congo (Zaire),FIH,Africa
San Jose,Costa Rica,SJO,Central America
(Mali) Losinj - Losinj Arpt,Croatia (Hrvatska),LSZ,Eastern Europe
Dubrovnik,Croatia (Hrvatska),DBV,Eastern Europe
Osijek,Croatia (Hrvatska),OSI,Eastern Europe
Pula,Croatia (Hrvatska),PUY,Eastern Europe
Rijeka,Croatia (Hrvatska),RJK,Eastern Europe
Split,Croatia (Hrvatska),SPU,Eastern Europe
Zadar,Croatia (Hrvatska),ZAD,Eastern Europe
Zagreb - Pleso,Croatia (Hrvatska),ZAG,Eastern Europe
Havana - José Martí Int'l,Cuba,HAV,Caribbean
Holguin,Cuba,HOG,Caribbean
Santiago - Antonio Maceo Airport,Cuba,SCU,Caribbean
Varadero,Cuba,VRA,Caribbean
Akrotiri - RAF,Cyprus,AKT,Europe
Larnaca,Cyprus,LCA,Europe
Limassol,Cyprus,QLI,Europe
Nicosia,Cyprus,NIC,Europe
Paphos,Cyprus,PFO,Europe
Prague - Ruzyne,Czech Republic,PRG,Europe
Lisala,Democratic Republic of TheCongo,LIQ,Africa
Aarhus,Denmark,AAR,Europe
Alborg,Denmark,AAL,Europe
Billund,Denmark,BLL,Europe
Copenhagen,Denmark,CPH,Europe
Esbjerg,Denmark,EBJ,Europe
Faroer,Denmark,FAE,Europe
Karup,Denmark,KRP,Europe
Odense,Denmark,ODE,Europe
Roenne,Denmark,RNN,Europe
Skrydstrup,Denmark,SKS,Europe
Soenderborg,Denmark,SGD,Europe
Thisted,Denmark,TED,Europe
Djibouti,Djibouti,JIB,Africa
Casa de Campo/La Romana,Dominican Republic,LRM,Caribbean
Puerto Plata,Dominican Republic,POP,Caribbean
Punta Cana,Dominican Republic,PUJ,Caribbean
Santo Domingo,Dominican Republic,SDQ,Caribbean
Guayaquil,Ecuador,GYE,South America
Quito - Mariscal Sucr,Ecuador,UIO,South America
Salinas,Ecuador,SNC,South America
Abu Rudeis,Egypt,AUE,Africa
Abu Simbel,Egypt,ABS,Africa
Al Arish,Egypt,AAC,Africa
Assiut,Egypt,ATZ,Africa
Aswan,Egypt,ASW,Africa
Borg El Arab Airport,Egypt,HBH,Africa
Cairo Int'l,Egypt,CAI,Africa
El Minya,Egypt,EMY,Africa
El Nhouza Airport,Egypt,ALY,Africa
Hurghada Int'l,Egypt,HRG,Africa
Kharga - New Valley,Egypt,UVL,Africa
Luxor,Egypt,LXR,Africa
Marsa Matrah (Marsa Matruh),Egypt,MUH,Africa
Port Said,Egypt,PSD,Africa
Santa Katarina - Mount Sinai,Egypt,SKV,Africa
Sharm El Sheikh,Egypt,SSH,Africa
Siwa,Egypt,SEW,Africa
San Salvador,El Salvador,SAL,Central America
Malabo,Equatorial Guinea,SSG,Africa
Tallinn - Pirita Harbour,Estonia,QUF,Eastern Europe
Tallinn - Ulemiste,Estonia,TLL,Eastern Europe
Addis Ababa,Ethiopia,ADD,Africa
Nadi,Fiji,NAN,South Pacific
Suva/Nausori,Fiji,SUV,South Pacific
Enontekioe,Finland,ENF,Europe
Helsinki - Vantaa,Finland,HEL,Europe
Ivalo,Finland,IVL,Europe
Joensuu,Finland,JOE,Europe
Jyvaeskylae,Finland,JYV,Europe
Kajaani,Finland,KAJ,Europe
Kauhajoki,Finland,KHJ,Europe
Kemi/Tornio,Finland,KEM,Europe
Kittilä,Finland,KTT,Europe
Kokkola/Pietarsaari,Finland,KOK,Europe
Kuopio,Finland,KUO,Europe
Kuusamo,Finland,KAO,Europe
Lappeenranta,Finland,LPP,Europe
Mariehamn (Maarianhamina),Finland,MHQ,Europe
Mikkeli,Finland,MIK,Europe
Oulu,Finland,OUL,Europe
Pori,Finland,POR,Europe
Rovaniemi,Finland,RVN,Europe
Savonlinna,Finland,SVL,Europe
Seinaejoki,Finland,SJY,Europe
Sodankylae,Finland,SOT,Europe
Tampere,Finland,TMP,Europe
Turku,Finland,TKU,Europe
Vaasa,Finland,VAA,Europe
Varkaus,Finland,VRK,Europe
Ajaccio,France,AJA,Europe
Albi,France,LBI,Europe
Annecy,France,NCY,Europe
Aurillac,France,AUR,Europe
Bastia,France,BIA,Europe
Biarritz,France,BIQ,Europe
Bordeaux,France,BOD,Europe
Brest,France,BES,Europe
Calvi,France,CLY,Europe
Chambery,France,CMF,Europe
Clermont Ferrand,France,CFE,Europe
Dinard,France,DNR,Europe
Figari,France,FSC,Europe
Frejus,France,FRJ,Europe
Grenoble,France,GNB,Europe
La Rochelle,France,LRH,Europe
Lannion,France,LAI,Europe
Lille,France,LIL,Europe
Limoges,France,LIG,Europe
Lorient,France,LRT,Europe
Lourdes/Tarbes,France,LDE,Europe
Lyon,France,LYS,Europe
Marseille,France,MRS,Europe
Metz,France,MZM,Europe
Montpellier - Frejorgues,France,MPL,Europe
Mulhouse,France,MLH,Europe
Nancy,France,ENC,Europe
Nantes,France,NTE,Europe
Nice - Cote D'Azur,France,NCE,Europe
Nimes,France,FNI,Europe
Paris,France,PAR,Europe
Paris - Charles de Gaulle,France,CDG,Europe
Paris - Le Bourget,France,LBG,Europe
Paris - Orly,France,ORY,Europe
Pau,France,PUF,Europe
Perpignan,France,PGF,Europe
Quimper,France,UIP,Europe
Rennes,France,RNS,Europe
Roanne,France,RNE,Europe
Rodez,France,RDZ,Europe
Saint Brieuc,France,SBK,Europe
St. Etienne,France,EBU,Europe
Strassburg,France,SXB,Europe
Toulouse - Blagnac,France,TLS,Europe
Cayenne,French Guayana,CAY,South America
Bora Bora,French Polynesia,BOB,South Pacific
Huahine,French Polynesia,HUH,South Pacific
Manihi,French Polynesia,XMH,South Pacific
Maupiti,French Polynesia,MAU,South Pacific
Moorea,French Polynesia,MOZ,South Pacific
Raiatea,French Polynesia,RFP,South Pacific
Rangiroa,French Polynesia,RGI,South Pacific
Papeete - Faaa,French Polynesia (Tahiti),PPT,South Pacific
Lambarene,Gabon,LBQ,Africa
Libreville,Gabon,LBV,Africa
Moanda,Gabon,MFF,Africa
Mouila,Gabon,MJL,Africa
Mvengue,Gabon,MVB,Africa
Port Gentil,Gabon,POG,Africa
Oyem,Gabon/Loyautte,UVE,Africa
Banjul,Gambia,BJL,Africa
Tbilisi - Novo Alexeyevka,Georgia,TBS,Eastern Europe
Air Base,Germany,WIE,Europe
Augsburg,Germany,AGB,Europe
Bayreuth,Germany,BYU,Europe
Berlin,Germany,BER,Europe
Bremen,Germany,BRE,Europe
Cologne (Koeln)/Bonn,Germany,CGN,Europe
Dortmund,Germany,DTM,Europe
Dresden,Germany,DRS,Europe
Duesseldorf,Germany,DUS,Europe
Erfurt,Germany,ERF,Europe
Frankfurt/Hahn,Germany,HNN,Europe
Frankfurt/Main Int'l Airport,Germany,FRA,Europe
Friedrichshafen,Germany,FDH,Europe
Hamburg - Fuhlsbuettel,Germany,HAM,Europe
Hannover,Germany,HAJ,Europe
Hof,Germany,HOQ,Europe
Karlsruhe-Baden - Soellingen,Germany,FKB,Europe
Kiel - Holtenau,Germany,KEL,Europe
Leipzig,Germany,LEJ,Europe
Muenchen (Munich) - Franz Josef Strauss,Germany,MUC,Europe
Muenster/Osnabrueck,Germany,FMO,Europe
Muenster/Osnabrueck,Germany,MSR,Europe
Nürnberg (Nuremberg),Germany,NUE,Europe
Paderborn/Lippstadt,Germany,PAD,Europe
Saarbruecken,Germany,SCN,Europe
Schoenefeld,Germany,SXF,Europe
Stuttgart - Echterdingen,Germany,STR,Europe
Tegel,Germany,TXL,Europe
Westerland,Germany,GWT,Europe
Accra,Ghana,ACC,Africa
Gibraltar,Gibraltar,GIB,Europe
Araxos,Greece,GPA,Europe
Athens,Greece,ATH,Europe
Chania,Greece,CHQ,Europe
Chios,Greece,JKH,Europe
Corfu,Greece,CFU,Europe
Hellinikon,Greece,HEW,Europe
Heraklion,Greece,HER,Europe
Kalamata,Greece,KLX,Europe
Karpathos,Greece,AOK,Europe
Kavalla,Greece,KVA,Europe
Kos,Greece,KGS,Europe
Mykonos,Greece,JMK,Europe
Mytilene (Lesbos),Greece,MJT,Europe
Preveza/Lefkas,Greece,PVK,Europe
Rhodos,Greece,RHO,Europe
Samos,Greece,SMI,Europe
Skiathos,Greece,JSI,Europe
Thessaloniki - Makedonia Apt.,Greece,SKG,Europe
Thira,Greece,JTR,Europe
Zakynthos,Greece,ZTH,Europe
Narsarsuaq,Greenland,UAK,North America
Soendre Stroemfjord,Greenland,SFJ,North America
Grenada,Grenada,GND,South Pacific
Pointe a Pitre,Guadeloupe,PTP,Caribbean
Agana,Guam,SUM,South Pacific
Guam,Guam,GUM,South Pacific
Guatemala City,Guatemala,GUA,Central America
Conakry,Guinea,CKY,South America
Labe,Guinea,LEK,South America
Bissau,Guinea Bissau,BXO,South America
Georgetown,Guyana,GEO,South America
Port au Prince,Haiti,PAP,Caribbean
Roatan,Honduras,RTB,Central America
San Pedro Sula,Honduras,SAP,Central America
Santa Rosa Copan,Honduras,SDH,Central America
Tegucigalpa,Honduras,TGU,Central America
Hong Kong - Chek Lap Kok,Hong Kong,ZJK,Asia
Hong Kong - Int'l Airport (HKIA),Hong Kong,HKG,Asia
Budapest,Hungary,BUD,Eastern Europe
Ibiza,Ibiza/Spain,IBZ,Europe
Christmas Line,Iceland,CXI,Europe
Egilsstadir,Iceland,EGS,Europe
Reykjavik - Keflavik International,Iceland,KEF,Europe
Reykjavik - Metropolitan Area,Iceland,REK,Europe
Ahmedabad,India,AMD,Asia
Amritsar,India,ATQ,Asia
Anand,India,QNB,Asia
Bagdogra,India,IXB,Asia
Bangalore,India,BLR,Asia
Baronda,India,BDQ,Asia
Belgaum,India,IXG,Asia
Bhopal,India,BHO,Asia
Bhubaneswar,India,BBI,Asia
Bombay,India,BOM,Asia
Calicut,India,CCJ,Asia
Chandigarh,India,IXC,Asia
Chennai (Madras),India,MAA,Asia
Cochin,India,COK,Asia
Coimbatore,India,CJB,Asia
Goa,India,GOI,Asia
Guwahati,India,GAU,Asia
Hyderabad - Begumpet,India,HYD,Asia
Indira Gandhi,India,DEL,Asia
Jaipur - Sanganeer,India,JAI,Asia
Jalandhar,India,JLR,Asia
Jamshedpur - Sonari,India,IXW,Asia
Kanpur,India,QJU,Asia
Kolkata (Calcutta) - Netaji Subhas Chandra,India,CCU,Asia
Lucknow,India,LKO,Asia
Nagpur,India,NAG,Asia
Patna,India,PAT,Asia
Pune,India,PNQ,Asia
Rajkot,India,RAJ,Asia
Ranchi,India,IXR,Asia
Srinagar,India,SXR,Asia
Surat,India,STV,Asia
Thiruvananthapuram,India,TRV,Asia
Tiruchirapally,India,TRZ,Asia
Varanasi,India,VNS,Asia
Denpasar/Bali,Indonesia,DPS,Southeast Asia
Jakarta - Halim Perdanakusma,Indonesia,HLP,Southeast Asia
Jakarta - Kemayoran,Indonesia,JKT,Southeast Asia
Jakarta - Soekarno-Hatta,Indonesia,CGK,Southeast Asia
Manado,Indonesia,MDC,Southeast Asia
Medan,Indonesia,MES,Southeast Asia
Surabaya - Juanda,Indonesia,SUB,Southeast Asia
Tioman,Indonesia,TOD,Southeast Asia
Ujung Pandang,Indonesia,UPG,Southeast Asia
Abadan,Iran,ABD,Middle East
Tehran (Teheran) - Mehrabad,Iran,THR,Middle East
Bagdad,Iraq,BGW,Middle East
Basra,Iraq,BSR,Middle East
Kirkuk,Iraq,KIK,Middle East
Mosul,Iraq,OSM,Middle East
Saddam International,Iraq,SDA,Middle East
Cork,Ireland,ORK,Europe
Dublin,Ireland,DUB,Europe
Galway,Ireland,GWY,Europe
Kerry County,Ireland,KIR,Europe
Knock,Ireland,NOC,Europe
Shannon (Limerick),Ireland,SNN,Europe
Sligo,Ireland,SXL,Europe
Rarotonga Cook,Island,RAR,South Pacific
Elat,Israel,ETH,Middle East
Haifa,Israel,HFA,Middle East
Jerusalem,Israel,JRS,Middle East
Ovula,Israel,VDA,Middle East
Tel Aviv - Ben Gurion Int'l,Israel,TLV,Middle East
Alghero Sassari,Italy,AHO,Europe
Ancona,Italy,AOI,Europe
Bari,Italy,BRI,Europe
Bologna,Italy,BLQ,Europe
Brindisi,Italy,BDS,Europe
Cagliari,Italy,CAG,Europe
Catania,Italy,CTA,Europe
Florence,Italy,FLR,Europe
Genoa,Italy,GOA,Europe
Lamezia Terme,Italy,SUF,Europe
Lampedusa,Italy,LMP,Europe
Milan,Italy,MIL,Europe
Milan - Linate,Italy,LIN,Europe
Milan - Malpensa,Italy,MXP,Europe
Milan - Orio Al Serio,Italy,BGY,Europe
Naples,Italy,NAP,Europe
Olbia,Italy,OLB,Europe
Palermo - Punta Raisi,Italy,PMO,Europe
Pantelleria,Italy,PNL,Europe
Perugia,Italy,PEG,Europe
Pescara,Italy,PSR,Europe
Pisa - Gal Galilei,Italy,PSA,Europe
Reggio Calabria,Italy,REG,Europe
Rimini,Italy,RMI,Europe
Rome,Italy,ROM,Europe
Rome - Ciampino,Italy,CIA,Europe
Rome - Fuimicino,Italy,FCO,Europe
Trapani,Italy,TPS,Europe
Treviso,Italy,TSF,Europe
Trieste,Italy,TRS,Europe
Turin,Italy,TRN,Europe
Venice - Marco Polo,Italy,VCE,Europe
Verona,Italy,VRN,Europe
Verona (Brescia) Montichiari,Italy,VBS,Europe
Abidjan,Ivory Coast,ABJ,Africa
Bouake,Ivory Coast,BYK,Africa
Daloa,Ivory Coast,DJO,Africa
Korhogo,Ivory Coast,HGO,Africa
Man,Ivory Coast,MJC,Africa
San Pedro,Ivory Coast,SPY,Africa
Sassandra,Ivory Coast,ZSS,Africa
Yamoussoukro,Ivory Coast,ASK,Africa
Kingston - Norman Manley,Jamaica,KIN,Caribbean
Montenego Bay,Jamaica,MBJ,Caribbean
Akita,Japan,AXT,Asia
Amami,Japan,ASJ,Asia
Aomori,Japan,AOJ,Asia
Chiba City,Japan,QCB,Asia
Fukuoka,Japan,FUK,Asia
Fukushima-shi,Japan,FKS,Asia
Hachijo Jima,Japan,HAC,Asia
Hakodate,Japan,HKD,Asia
Hanamaki,Japan,HNA,Asia
Hiroshima International,Japan,HIJ,Asia
Ishigaki,Japan,LSG,Asia
Junmachi,Japan,GAJ,Asia
Kagoshima,Japan,KOJ,Asia
Kobe,Japan,UKB,Asia
Kochi,Japan,KCZ,Asia
Komatsu,Japan,KMQ,Asia
Kumamoto,Japan,KMJ,Asia
Kushiro,Japan,KUH,Asia
Kyoto,Japan,UKY,Asia
Matsumoto,Japan,MMJ,Asia
Matsuyama,Japan,MYJ,Asia
Miyako Jima (Ryuku Islands) - Hirara,Japan,MMY,Asia
Miyazaki,Japan,KMI,Asia
Nagasaki,Japan,NGS,Asia
Nagoya - Komaki AFB,Japan,NGO,Asia
Niigata,Japan,KIJ,Asia
Oita,Japan,OIT,Asia
Okayama,Japan,OKJ,Asia
Okinawa,Japan,OKA,Asia
Osaka,Japan,OSA,Asia
Osaka - Itami,Japan,ITM,Asia
Osaka - Kansai Int'l Airport,Japan,KIX,Asia
Sado Shima,Japan,SDS,Asia
Sapporo,Japan,SPK,Asia
Sapporo - Okadama,Japan,OKD,Asia
Sapporo - Shin-Chitose Airport,Japan,CTS,Asia
Sendai,Japan,SDJ,Asia
Takamatsu,Japan,TAK,Asia
Tokushima,Japan,TKS,Asia
Tokyo,Japan,TYO,Asia
Tokyo - Haneda,Japan,HND,Asia
Tokyo - Narita,Japan,NRT,Asia
Toyama,Japan,TOY,Asia
Yokohama,Japan,YOK,Asia
Amman,Jordan,ADJ,Middle East
Aqaba,Jordan,AQJ,Middle East
Queen Alia Intl,Jordan,AMM,Middle East
Aktyubinsk,Kazakhstan,ADX,Asia
Alma Ata,Kazakhstan,ALA,Asia
Astana,Kazakstan,TSE,Asia
Malindi,Kenya,MYD,Africa
Mombasa - Moi International,Kenya,MBA,Africa
Nairobi,Kenya,NBO,Africa
King Island,King Island,KNS,South Pacific
Kuwait - Kuwait Int'l,Kuwait,KWI,Middle East
Vientiane - Wattay,Laos,VTE,Southeast Asia
Riga,Latvia,RIX,Eastern Europe
Beirut,Lebanon,BEY,Middle East
Jounieh,Lebanon,GJN,Middle East
Maseru - Moshoeshoe Int'l,Lesotho,MSU,Africa
Monrovia,Liberia,MLW,Africa
Monrovia - Roberts Int'l,Liberia,ROB,Africa
Bengasi,Libya,BEN,Africa
Sehba,Libya,SEB,Africa
Tripoli - Tripoli Int'l,Libya,TIP,Africa
Wilna (Vilnius),Lithuania,VNO,Eastern Europe
Luxembourg,Luxembourg,LUX,Europe
Ohrid,Macedonia,OHD,Eastern Europe
Skopje,Macedonia,SKP,Eastern Europe
Antananarivo (Tanannarive),Madagascar,TNR,Africa
Majunga,Madagascar,MJN,Africa
Blantyre,Malawi,BLZ,Africa
Lilongwe - Lilongwe International,Malawi,LLW,Africa
Bintulu,Malaysia,BTU,Southeast Asia
Johore Bahru,Malaysia,JHB,Southeast Asia
Kota Kinabalu,Malaysia,BKI,Southeast Asia
Kuala Lumpur - Int'l Airport,Malaysia,KUL,Southeast Asia
Kuala Lumpur - Sultan Abdul Aziz Shah,Malaysia,SZB,Southeast Asia
Kuantan,Malaysia,KUA,Southeast Asia
Kuching,Malaysia,KCH,Southeast Asia
Labuan,Malaysia,LBU,Southeast Asia
Langkawi,Malaysia,LGK,Southeast Asia
Miri,Malaysia,MYY,Southeast Asia
Penang International,Malaysia,PEN,Southeast Asia
Sibu,Malaysia,SBW,Southeast Asia
Tawau,Malaysia,TWU,Southeast Asia
Male - International,Maledives,MLE,Asia
Bamako,Mali,BKO,Africa
Luga,Malta,MLA,Europe
Fort de France,Martinique,FDF,Caribbean
Nouadhibou,Mauritania,NDB,Africa
Nouakchott,Mauritania,NKC,Africa
Zouerate,Mauritania,OUZ,Africa
Mauritius - S.Seewoosagur Ram Int'l,Mauritius,MRU,Asia
Rodrigues Island,Mauritius,RRG,Asia
Dzaoudzi,Mayotte,DZA,Africa
Acapulco,Mexico,ACA,North America
Aguascaliente,Mexico,AGU,North America
Cancun,Mexico,CUN,North America
Chichen Itza,Mexico,CZA,North America
Chihuahua,Mexico,CUU,North America
Ciudad Del Carmen,Mexico,CME,North America
Ciudad Juarez,Mexico,CJS,North America
Ciudad Obregon,Mexico,CEN,North America
Ciudad Victoria,Mexico,CVM,North America
Colima,Mexico,CLQ,North America
Cozmel,Mexico,CZM,North America
Culiacan,Mexico,CUL,North America
Guadalajara,Mexico,GDL,North America
Hermosillo - Gen. Pesqueira Garcia,Mexico,HMO,North America
Huatulco,Mexico,HUX,North America
Ixtapa/Zihuatenejo,Mexico,ZIH,North America
La Paz - Leon,Mexico,LAP,North America
Lazaro Cardenas,Mexico,LZC,North America
Leon,Mexico,BJX,North America
Loreto,Mexico,LTO,North America
Los Mochis,Mexico,LMM,North America
Manzanillo,Mexico,ZLO,North America
Mazatlan,Mexico,MZT,North America
Merida,Mexico,MID,North America
Mexicali,Mexico,MXL,North America
Mexico City - Juarez International,Mexico,MEX,North America
Minatitlan,Mexico,MTT,North America
Monterrey,Mexico,MTY,North America
Monterrey - Aeropuerto Del Norte,Mexico,NTR,North America
Morelia,Mexico,MLM,North America
Nuevo Laredo,Mexico,NLD,North America
Oaxaca,Mexico,OAX,North America
Puebla,Mexico,PBC,North America
Puerto Escondido,Mexico,PXM,North America
Puerto Vallarta,Mexico,PVR,North America
San Jose Cabo,Mexico,SJD,North America
San Luis Potosi,Mexico,SLP,North America
Santa Rosalia,Mexico,SRL,North America
Tampico - Gen. F. Javier Mina,Mexico,TAM,North America
Tijuana - Rodriguez,Mexico,TIJ,North America
Tuxtla Gutierrez,Mexico,TGZ,North America
Veracruz,Mexico,VER,North America
Villahermosa,Mexico,VSA,North America
Zacatecas,Mexico,ZCL,North America
Pohnpei,Micronesia,PNI,South Pacific
Ulaanbaatar - Buyant Uhaa,Mongolia,ULN,Asia
Agadir,Morocco,AGA,Africa
Al Hoceima,Morocco,AHU,Africa
Casablanca,Morocco,CAS,Africa
Fes,Morocco,FEZ,Africa
Marrakech - Menara,Morocco,RAK,Africa
Mohamed V,Morocco,CMN,Africa
Ouarzazate,Morocco,OZZ,Africa
Oujda,Morocco,OUD,Africa
Rabat - Sale,Morocco,RBA,Africa
Tanger - Boukhalef,Morocco,TNG,Africa
Beira,Mozambique,BEW,Africa
Maputo - Maputo International,Mozambique,MPM,Africa
Yangon (Rangoon) - Mingaladon,Myanmar (Burma),RGN,Southeast Asia
Katima Mulilo/Mpacha,Namibia,MPA,Africa
Keetmanshoop,Namibia,KMP,Africa
Luederitz,Namibia,LUD,Africa
Mokuti,Namibia,OKU,Africa
Ondangwa,Namibia,OND,Africa
Oranjemund,Namibia,OMD,Africa
Rundu,Namibia,NDU,Africa
Swakopmund,Namibia,SWP,Africa
Tsumeb,Namibia,TSB,Africa
Windhoek - Eros,Namibia,ERS,Africa
Windhoek - Hosea Kutako Int'l,Namibia,WDH,Africa
Kathmandu - Tribhuvan,Nepal,KTM,Asia
Amsterdam,Netherlands,AMS,Europe
Den Haag (The Hague),Netherlands,HAG,Europe
Eindhoven,Netherlands,EIN,Europe
Lelystad,Netherlands,LEY,Europe
Maastricht/Aachen,Netherlands,MST,Europe
Rotterdam,Netherlands,RTM,Europe
Bonaire,Netherlands Antilles,BON,Caribbean
Curacao,Netherlands Antilles,CUR,Caribbean
St. Marteen,Netherlands Antilles,SXM,Caribbean
Nevis,Nevis,NEV,Caribbean
Ile des Pins,New Caledonia,ILP,South Pacific
Ile Ouen,New Caledonia,IOU,South Pacific
Mare,New Caledonia,MEE,South Pacific
Noumea,New Caledonia,NOU,South Pacific
Touho,New Caledonia,TOU,South Pacific
Auckland,New Zealand,AKL,South Pacific
Blenheim,New Zealand,BHE,South Pacific
Christchurch,New Zealand,CHC,South Pacific
Dunedin,New Zealand,DUD,South Pacific
Invercargill,New Zealand,IVC,South Pacific
Milford Sound,New Zealand,MFN,South Pacific
Mount Cook,New Zealand,GTN,South Pacific
Nelson,New Zealand,NSN,South Pacific
Palmerston North,New Zealand,PMR,South Pacific
Queenstown,New Zealand,ZQN,South Pacific
Rotorua,New Zealand,ROT,South Pacific
Te Anau,New Zealand,TEU,South Pacific
Wellington,New Zealand,WLG,South Pacific
Whakatane,New Zealand,WHK,South Pacific
Whangarei,New Zealand,WRE,South Pacific
Managua - Augusto C Sandino,Nicaragua,MGA,Central America
Agades,Niger,AJY,Africa
Arlit,Niger,RLT,Africa
Maradi,Niger,MFQ,Africa
Niamey,Niger,NIM,Africa
Zinder,Niger,ZND,Africa
Abuja International,Nigeria,ABV,Africa
Kano,Nigeria,KAN,Africa
Lagos - Murtala Muhammed,Nigeria,LOS,Africa
Port Harcourt,Nigeria,PHC,Africa
Saipan,Northern Mariana Islands,SPN,South Pacific
Alesund,Norway,AES,Europe
Alta,Norway,ALF,Europe
Bardufoss,Norway,BDU,Europe
Bergen,Norway,BGO,Europe
Bodo,Norway,BOO,Europe
Broennoeysund,Norway,BNN,Europe
Evenes,Norway,EVE,Europe
Floro,Norway,FRO,Europe
Hammerfest,Norway,HFT,Europe
Haugesund,Norway,HAU,Europe
Kirkenes,Norway,KKN,Europe
Kristiansand,Norway,KRS,Europe
Kristiansund,Norway,KSU,Europe
Lakselv,Norway,LKL,Europe
Oslo,Norway,OSL,Europe
Oslo - Sandefjord,Norway,TRF,Europe
Sogndal,Norway,SOG,Europe
Stavanger,Norway,SVG,Europe
Tromsoe,Norway,TOS,Europe
Trondheim,Norway,TRD,Europe
Muscat - Seeb,Oman,MCT,Middle East
Salalah,Oman,SLL,Middle East
Bahawalpur,Pakistan,BHV,Middle East
Bannu,Pakistan,BNP,Middle East
Chitral,Pakistan,CJL,Middle East
Dera Ismail Khan,Pakistan,DSK,Middle East
Faisalabad,Pakistan,LYP,Middle East
Gilgit,Pakistan,GIL,Middle East
Gwadar,Pakistan,GWD,Middle East
Hyderabad,Pakistan,HDD,Middle East
Islamabad - Islamabad Int'l,Pakistan,ISB,Middle East
Jacobabad,Pakistan,JAG,Middle East
Jiwani,Pakistan,JIW,Middle East
Karachi - Quaid-E-Azam Int'l,Pakistan,KHI,Middle East
Khuzdar,Pakistan,KDD,Middle East
Kohat,Pakistan,OHT,Middle East
Lahore,Pakistan,LHE,Middle East
Mianwali,Pakistan,MWD,Middle East
Mirpur,Pakistan,QML,Middle East
Moenjodaro,Pakistan,MJD,Middle East
Multan,Pakistan,MUX,Middle East
Muzaffarabad,Pakistan,MFG,Middle East
Nawab Shah,Pakistan,WNS,Middle East
Panjgur,Pakistan,PJG,Middle East
Pasni,Pakistan,PSI,Middle East
Peshawar,Pakistan,PEW,Middle East
Quetta,Pakistan,UET,Middle East
Rahim Yar Khan,Pakistan,RYK,Middle East
Rawala Kot,Pakistan,RAZ,Middle East
Rawalpindi,Pakistan,RWP,Middle East
Saidu Sharif,Pakistan,SDT,Middle East
Sindhri,Pakistan,MPD,Middle East
Skardu,Pakistan,KDU,Middle East
Sui,Pakistan,SUL,Middle East
Sukkur,Pakistan,SKZ,Middle East
Turbat,Pakistan,TUK,Middle East
Zhob,Pakistan,PZH,Middle East
Panama City - Tocumen International,Panama,PTY,Central America
Lae,Papua New Guinea,LAE,Southeast Asia
Manguna,Papua New Guinea,MFO,Southeast Asia
Port Moresby - Jackson Field,Papua New Guinea,POM,Southeast Asia
Asuncion,Paraguay,ASU,South America
Lifou,Pazifik,LIF,South Pacific
Iquitos,Peru,IQT,South America
Lima - J Chavez Int'l,Peru,LIM,South America
Cebu,Philippines,CBU,Southeast Asia
Mactan Island - Nab,Philippines,NOP,Southeast Asia
Manila - Ninoy Aquino Int'l,Philippines,MNL,Southeast Asia
Gdansk,Poland,GDN,Europe
Krakau,Poland,KRK,Europe
Poznan,Poland,POZ,Europe
Stettin,Poland,SZZ,Europe
Warsaw,Poland,WAW,Europe
Faro,Portugal,FAO,Europe
Funchal,Portugal,FNC,Europe
Horta,Portugal,HOR,Europe
Lisbon - Lisboa,Portugal,LIS,Europe
Ponta Delgada,Portugal,PDL,Europe
Porto,Portugal,OPO,Europe
Porto Santo,Portugal,PXO,Europe
Santa Maria,Portugal,SMA,Europe
Terceira,Portugal,TER,Europe
Aguadilla,Puerto Rico,BQN,Caribbean
Mayaguez,Puerto Rico,MAZ,Caribbean
Ponce,Puerto Rico,PSE,Caribbean
Doha,Qatar,DOH,Middle East
Saint Denis de la Reunion,Reunion,RUN,Africa
San Juan Perto,Rico,SJU,Caribbean
Bucharest,Romania,BUH,Eastern Europe
Bucharest,Romania,OTP,Eastern Europe
Constanza,Romania,CND,Eastern Europe
Adler/Sochi,Russia,AER,Eastern Europe
Chabarovsk (Khabarovsk),Russia,KHV,Eastern Europe
Chita (Tschita),Russia,HTA,Eastern Europe
Irkutsk,Russia,IKT,Eastern Europe
Kazan (Ka San),Russia,KZN,Eastern Europe
Mineralnye Vody,Russia,MRV,Eastern Europe
Moscow - Domodedovo,Russia,DME,Eastern Europe
Moscow - Metropolitan Area,Russia,MOW,Eastern Europe
Moscow - Sheremetyevo,Russia,SVO,Eastern Europe
Moscow - Vnukovo,Russia,VKO,Eastern Europe
Murmansk,Russia,MMK,Eastern Europe
Novosibirsk - Tolmachevo,Russia,OVB,Eastern Europe
St. Petersburg (Leningrad) - Pulkovo,Russia,LED,Eastern Europe
Ulan-Ude,Russia,UUD,Eastern Europe
Velikiye Luki (Welikije Luki),Russia,VLU,Eastern Europe
Arkhangelsk,Russian Federation,ARH,Eastern Europe
Yakutsk,Russian Federation,YKS,Eastern Europe
Kigali - Gregoire Kayibanda,Rwanda,KGL,Africa
Apia,Samoa,APW,South Pacific
Sao Tome,Sao Tome & Principe,TMS,Africa
Dhahran,Saudi Arabia,DHA,Middle East
Jeddah - King Abdulaziz Int'l,Saudi Arabia,JED,Middle East
Khamis Mushayat,Saudi Arabia,AHB,Middle East
Medina,Saudi Arabia,MED,Middle East
Riyadh - King Khaled Int'l,Saudi Arabia,RUH,Middle East
Tabuk,Saudi Arabia,TUU,Middle East
Taif,Saudi Arabia,TIF,Middle East
Yanbu,Saudi Arabia,YNB,Middle East
Dammam,Saudi Arabien,DMM,Middle East
Dakar,Senegal,DKR,Africa
Mahe - Seychelles Int'l,Seychelles,SEZ,Africa
Freetown,Sierra Leone,FNA,Africa
Singapore - Changi,Singapore,SIN,Asia
Singapore - Paya Lebar,Singapore,QPG,Asia
Bratislava,Slovakia,BTS,Eastern Europe
Ljubljana - Brnik,Slovenia,LJU,Eastern Europe
Maribor,Slovenia,MBX,Eastern Europe
Guadalcanal,Solomon Islands,GSI,South Pacific
Honiara Henderson Int'l,Solomon Islands,HIR,South Pacific
Mogadischu,Somalia,MGQ,Africa
Aggeneys,South Africa,AGZ,Africa
Alexander Bay,South Africa,ALJ,Africa
Alldays,South Africa,ADY,Africa
Bloemfontein,South Africa,BFN,Africa
Cape Town,South Africa,CPT,Africa
Durban,South Africa,DUR,Africa
East London,South Africa,ELS,Africa
Ellisras,South Africa,ELL,Africa
George,South Africa,GRJ,Africa
Johannesburg - Johannesburg Int'l,South Africa,JNB,Africa
Kimberley,South Africa,KIM,Africa
Kleinsee,South Africa,KLZ,Africa
Lanseria,South Africa,HLA,Africa
Lusisiki,South Africa,LUJ,Africa
Margate,South Africa,MGH,Africa
Messina,South Africa,MEZ,Africa
Mkambati,South Africa,MBM,Africa
Mzamba,South Africa,MZF,Africa
Nelspruit,South Africa,NLP,Africa
Newcastle,South Africa,NCS,Africa
Oudtshoorn,South Africa,OUH,Africa
Phalaborwa,South Africa,PHW,Africa
Pietermaritzburg,South Africa,PZB,Africa
Pietersburg,South Africa,PTG,Africa
Pilanesberg/Sun City,South Africa,NTY,Africa
Plettenberg Bay,South Africa,PBZ,Africa
Port Elizabeth,South Africa,PLZ,Africa
Pretoria - Wonderboom Apt.,South Africa,PRY,Africa
Richards Bay,South Africa,RCB,Africa
Sishen,South Africa,SIS,Africa
Skukuza,South Africa,SZK,Africa
Springbok,South Africa,SBU,Africa
Thaba'Nchu,South Africa,TCU,Africa
Ulundi,South Africa,ULD,Africa
Umtata,South Africa,UTT,Africa
Upington,South Africa,UTN,Africa
Vryheid,South Africa,VYD,Africa
Walvis Bay,South Africa,WVB,Africa
Welkom,South Africa,WEL,Africa
Pu San (Pusan) - Kimhae,South Korea,PUS,Asia
Seoul - Incheon Int'l Airport,South Korea,ICN,Asia
Seoul - Kimpo,South Korea,SEL,Asia
Alicante,Spain,ALC,Europe
Almeria,Spain,LEI,Europe
Arrecife/Lanzarote,Spain,ACE,Europe
Badajoz,Spain,BJZ,Europe
Barcelona,Spain,BCN,Europe
Bilbao,Spain,BIO,Europe
Cordoba,Spain,ODB,Europe
Fuerteventura,Spain,FUE,Europe
Gerona,Spain,GRO,Europe
Granada,Spain,GRX,Europe
Jerez de la Frontera/Cadiz,Spain,XRY,Europe
La Coruna,Spain,LCG,Europe
Las Palmas,Spain,LPA,Europe
Madrid - Barajas,Spain,MAD,Europe
Mahon,Spain,MAH,Europe
Malaga,Spain,AGP,Europe
Murcia,Spain,MJV,Europe
Oviedo,Spain,OVD,Europe
Palma de Mallorca,Spain,PMI,Europe
Reus,Spain,REU,Europe
San Sebastian,Spain,EAS,Europe
Santa Cruz de la Palma,Spain,SPC,Europe
Santander,Spain,SDR,Europe
Santiago de Compostela,Spain,SCQ,Europe
Sevilla,Spain,SVQ,Europe
Tenerife,Spain,TCI,Europe
Tenerife - Norte Los Rodeos,Spain,TFN,Europe
Tenerife - Sur Reina Sofia,Spain,TFS,Europe
Valencia,Spain,VLC,Europe
Valladolid,Spain,VLL,Europe
Valverde,Spain,VDE,Europe
Vigo,Spain,VGO,Europe
Vitoria,Spain,VIT,Europe
Zaragoza,Spain,ZAZ,Europe
Colombo,Sri Lanka,CMB,Asia
St. Kitts,St. Kitts And Nevis,SKB,Caribbean
St. Lucia Hewanorra,St. Lucia,UVF,Caribbean
St. Lucia Vigle,St. Lucia,SLU,Caribbean
St. Martin,St. Martin,SFG,Caribbean
St. Vincent,St. Vincent,SVD,Caribbean
Kassala,Sudan,KSL,Africa
Khartoum,Sudan,KRT,Africa
Paramaribo - Zanderij Int'l,Suriname,PBM,Africa
Longyearbyen - Svalbard,Svalbard/Norway,LYR,Europe
Manzini - Matsapha Int'l,Swaziland,MTS,Africa
Goteborg,Sweden,GOT,Europe
Helsingborg,Sweden,JHE,Europe
Joenkoeping,Sweden,JKG,Europe
Kalmar,Sweden,KLR,Europe
Karlstad,Sweden,KSD,Europe
Kiruna,Sweden,KRN,Europe
Kristianstad,Sweden,KID,Europe
Lidkoeping,Sweden,LDK,Europe
Lulea,Sweden,LLA,Europe
Malmo (Malmoe),Sweden,MMA,Europe
Malmo (Malmoe) - Sturup,Sweden,MMX,Europe
Norrkoeping,Sweden,NRK,Europe
Oerebro,Sweden,ORB,Europe
Ronneby,Sweden,RNB,Europe
Stockholm - Arlanda,Sweden,ARN,Europe
Stockholm - Bromma,Sweden,BMA,Europe
Stockholm Metropolitan Area,Sweden,STO,Europe
Sundsvall,Sweden,SDL,Europe
Vaexjoe,Sweden,VXO,Europe
Vasteras,Sweden,VST,Europe
Visby,Sweden,VBY,Europe
Altenrhein,Switzerland,ACH,Europe
Basel,Switzerland,BSL,Europe
Bern,Switzerland,BRN,Europe
Bern,Switzerland,ZDJ,Europe
Geneva,Switzerland,GVA,Europe
Lugano,Switzerland,LUG,Europe
Zurich (Zürich) - Kloten,Switzerland,ZRH,Europe
Basel/Mulhouse,Switzerland/France,EAP,Europe
Aleppo,Syria,ALP,Middle East
Damascus,Syria,DAM,Middle East
Dushanbe (Duschanbe),Tadschikistan,DYU,Asia
Kaohsiung Int'l,Taiwan,KHH,Asia
Makung,Taiwan,MZG,Asia
Taipei - Chiang Kai Shek,Taiwan,TPE,Asia
Taipei - Sung Shan,Taiwan,TAY,Asia
Arusha,Tanzania,ARK,Africa
Dar es Salam (Daressalam),Tanzania,DAR,Africa
Kilimadjaro,Tanzania,JRO,Africa
Bangkok,Thailand,BKK,Southeast Asia
Chiang Mai,Thailand,CNX,Southeast Asia
Hatyai (Hat Yai),Thailand,HDY,Southeast Asia
Pattaya,Thailand,PYX,Southeast Asia
Phuket,Thailand,HKT,Southeast Asia
Utapao (Pattaya),Thailand,UTP,Southeast Asia
Tobago,Tobago,TAB,Caribbean
Lome,Togo,LFW,South Pacific
Nuku'alofa - Fua'Amotu International,Tonga,TBU,South Pacific
Port of Spain,Trinidad,POS,Caribbean
Djerba,Tunisia,DJE,Africa
Monastir,Tunisia,MIR,Africa
Sfax,Tunisia,SFA,Africa
Tunis - Carthage,Tunisia,TUN,Africa
Adana,Turkey,ADA,Middle East
Ankara,Turkey,ANK,Middle East
Antalya,Turkey,AYT,Middle East
Dalaman,Turkey,DLM,Middle East
Istanbul - Ataturk,Turkey,IST,Middle East
Izmir,Turkey,IZM,Middle East
Ashgabat,Turkmenistan,ASB,Middle East
Abu Dhabi,UAE,AUH,Middle East
Alfujairah (Fujairah),UAE,FJR,Middle East
Dubai,UAE,DXB,Middle East
Ras al Khaymah (Ras al Khaimah),UAE,RKT,Middle East
Sharjah,UAE,SHJ,Middle East
Entebbe,Uganda,EBB,Africa
Gulu,Uganda,ULU,Africa
Sheffield,UK,SZD,Europe
Kiev - Borispol,Ukraine,KBP,Eastern Europe
Kiev - Zhulhany,Ukraine,IEV,Eastern Europe
Lviv,Ukraine,LWO,Eastern Europe
Nikolaev,Ukraine,NLV,Eastern Europe
Odessa,Ukraine,ODS,Eastern Europe
Simferopol,Ukraine,SIP,Eastern Europe
Al Ain,United Arab Emirates,AAN,Middle East
Aberdeen,United Kingdom,ABZ,Europe
Belfast - Harbour,United Kingdom,BHD,Europe
Belfast International,United Kingdom,BFS,Europe
Birmingham,United Kingdom,BHX,Europe
Bristol,United Kingdom,BRS,Europe
Cambrigde,United Kingdom,CBG,Europe
Cardiff,United Kingdom,CWL,Europe
Derby (East Midlands),United Kingdom,EMA,Europe
Derry (Londonderry),United Kingdom,LDY,Europe
Edinburgh,United Kingdom,EDI,Europe
Glasgow,United Kingdom,GLA,Europe
Guernsey,United Kingdom,GCI,Europe
Humberside,United Kingdom,HUY,Europe
Inverness,United Kingdom,INV,Europe
Isle of Man,United Kingdom,IOM,Europe
Jersey,United Kingdom,JER,Europe
Leeds/Bradford,United Kingdom,LBA,Europe
Liverpool,United Kingdom,LPL,Europe
London,United Kingdom,LON,Europe
London - City Airport,United Kingdom,LCY,Europe
London - Gatwick,United Kingdom,LGW,Europe
London - Heathrow,United Kingdom,LHR,Europe
London - Luton,United Kingdom,LTN,Europe
London - Stansted,United Kingdom,STN,Europe
Manchester,United Kingdom,MAN,Europe
Newcastle,United Kingdom,NCL,Europe
Orkney,United Kingdom,KOI,Europe
Prestwick,United Kingdom,PIK,Europe
Southampton - Eastleigh,United Kingdom,SOU,Europe
Southend,United Kingdom,SEN,Europe
Stornway,United Kingdom,SYY,Europe
Sumburgh (Shetland),United Kingdom,LSI,Europe
Teesside,United Kingdom,MME,Europe
Wick,United Kingdom,WIC,Europe
Montevideo - Carrasco,Uruguay,MVD,South America
Aberdeen,USA,ABR,North America
Abilene,USA,ABI,North America
Akron,USA,CAK,North America
Albany,USA,ABY,North America
Albany,USA,ALB,North America
Albuquerque,USA,ABQ,North America
Alexandria,USA,ESF,North America
Allentown,USA,ABE,North America
Altoona,USA,AOO,North America
Amarillo,USA,AMA,North America
Anchorage,USA,ANC,North America
Ann Arbor,USA,ARB,North America
Anniston,USA,ANB,North America
Appelton/Neenah/Menasha,USA,ATW,North America
Asheville,USA,AVL,North America
Aspen Snowmass,USA,ASE,North America
Athens,USA,AHN,North America
Athens,USA,ATO,North America
Atlanta,USA,ATL,North America
Atlantic City,USA,ACY,North America
Augusta,USA,AGS,North America
Augusta,USA,AUG,North America
Austin,USA,AUS,North America
Bakersfield,USA,BFL,North America
Bangor,USA,BGR,North America
Baton Rouge,USA,BTR,North America
Beaumont/Pt. Arthur,USA,BPT,North America
Beckley,USA,BKW,North America
Bellingham,USA,BLI,North America
Bemidji,USA,BJI,North America
Benton Harbour,USA,BEH,North America
Bethel,USA,BET,North America
Billings,USA,BIL,North America
Birmingham,USA,BHM,North America
Bismarck/Mandan,USA,BIS,North America
Bloomington,USA,BMG,North America
Bloomington,USA,BMI,North America
Bluefield,USA,BLF,North America
Boise,USA,BOI,North America
Borrego Springs,USA,BXS,North America
Boston - Logan,USA,BOS,North America
Bozeman,USA,BZN,North America
Bradford/Warren,USA,BFD,North America
Brainerd,USA,BRD,North America
Bridgeport,USA,BDR,North America
Brookings,USA,BKX,North America
Brunswick,USA,BQK,North America
Buffalo/Niagara Falls,USA,BUF,North America
Bullhead City,USA,BHC,North America
Burbank,USA,BUR,North America
Burlington,USA,BRL,North America
Burlington,USA,BTV,North America
Butte,USA,BTM,North America
Carlsbad,USA,CLD,North America
Casper,USA,CPR,North America
Cedar City,USA,CDC,North America
Cedar Rapids,USA,CID,North America
Champaign,USA,CMI,North America
Charleston,USA,CHS,North America
Charleston,USA,CRW,North America
Charlotte,USA,CLT,North America
Charlottesville,USA,CHO,North America
Chattanooga,USA,CHA,North America
Cheyenne,USA,CYS,North America
Chicago,USA,CHI,North America
Chicago,USA,MDW,North America
Chicago O'Hare Int'l Airport,USA,ORD,North America
Chico,USA,CIC,North America
Cincinnati,USA,CVG,North America
Clarksburg,USA,CKB,North America
Cleveland,USA,BKL,North America
Cleveland,USA,CLE,North America
Cody/Powell/Yellowstone,USA,COD,North America
Coffmann Cove,USA,KCC,North America
College Station/Bryan,USA,CLL,North America
Colorado Springs,USA,COS,North America
Columbia,USA,CAE,North America
Columbus,USA,CMH,North America
Columbus,USA,CSG,North America
Concord,USA,CCR,North America
Cordova,USA,CDV,North America
Corpus Christi,USA,CRP,North America
Craig,USA,CGA,North America
Crescent City,USA,CEC,North America
Dallas,USA,DAL,North America
Dallas/Ft. Worth,USA,DFW,North America
Danville,USA,DAN,North America
Dayton,USA,DAY,North America
Daytona Beach,USA,DAB,North America
Decatur,USA,DEC,North America
Denver International Airport,USA,DEN,North America
Des Moines,USA,DSM,North America
Detroit City,USA,DET,North America
Detroit Metropolitan Area,USA,DTT,North America
Detroit Metropolitan Wayne County Airport,USA,DTW,North America
Devils Lake,USA,DVL,North America
Dillingham,USA,DLG,North America
Dothan,USA,DHN,North America
Dubois,USA,DUJ,North America
Dubuque,USA,DBQ,North America
Duluth,USA,DLH,North America
Durango,USA,DRO,North America
Dutch Harbor,USA,DUT,North America
Eau Clarie,USA,EAU,North America
El Paso,USA,ELP,North America
Elkhart,USA,EKI,North America
Elko,USA,EKO,North America
Elmira,USA,ELM,North America
Ely,USA,ELY,North America
Erie,USA,ERI,North America
Escabana,USA,ESC,North America
Eugene,USA,EUG,North America
Eureka,USA,ACV,North America
Evansville,USA,EVV,North America
Fairbanks,USA,FAI,North America
Fargo,USA,FAR,North America
Farmington,USA,FMN,North America
Fayetteville,USA,FYV,North America
Fayetteville/Ft. Bragg,USA,FAY,North America
Flagstaff,USA,FLG,North America
Flint,USA,FNT,North America
Florence,USA,FLO,North America
Fort Dodge,USA,FOD,North America
Fort Huachuca/Sierra Vista,USA,FHU,North America
Fort Lauderdale/Hollywood,USA,FLL,North America
Fort Myers,USA,FMY,North America
Fort Myers,USA,RSW,North America
Fort Smith,USA,FSM,North America
Fort Walton Beach,USA,VPS,North America
Fort Wayne,USA,FWA,North America
Franklin/Oil City,USA,FKL,North America
Fresno,USA,FAT,North America
Gadsden,USA,GAD,North America
Gainesville,USA,GNV,North America
Gilette,USA,GCC,North America
Glasgow,USA,GGW,North America
Glendive,USA,GDV,North America
Grand Canyon,USA,GCN,North America
Grand Forks,USA,GFK,North America
Grand Junction,USA,GJT,North America
Grand Rapids,USA,GPZ,North America
Grand Rapids,USA,GRR,North America
Great Falls,USA,GTF,North America
Green Bay,USA,GRB,North America
Greenbrier/Lewisburg,USA,LWB,North America
Greensboro/Winston Salem,USA,GSO,North America
Greenville,USA,GLH,North America
Greenville,USA,PGV,North America
Greenville/Spartanburg,USA,GSP,North America
Groton/New London,USA,GON,North America
Gulfport/Biloxi,USA,GPT,North America
Gunnison/Crested Butte,USA,GUC,North America
Haines,USA,HNS,North America
Hancock,USA,CMX,North America
Harlington/South Padre Island,USA,HRL,North America
Harrisburg,USA,HAR,North America
Harrisburg,USA,MDT,North America
Hartford,USA,BDL,North America
Havre,USA,HVR,North America
Helena,USA,HLN,North America
Hibbing,USA,HIB,North America
Hickory,USA,HKY,North America
Hilo,USA,ITO,North America
Hilton Head Island,USA,HHH,North America
Homer,USA,HOM,North America
Honolulu,USA,HNL,North America
Hoonah,USA,HNH,North America
Houston,USA,HOU,North America
Houston,USA,IAH,North America
Huntington,USA,HTS,North America
Huntsville,USA,HSV,North America
Huron,USA,HON,North America
Hyannis,USA,HYA,North America
Hydaburg,USA,HYG,North America
Idaho Falls,USA,IDA,North America
Iliamna,USA,ILI,North America
Imperial,USA,IPL,North America
Indianapolis,USA,IND,North America
International Falls,USA,INL,North America
Inykern,USA,IYK,North America
Ithaca/Cortland,USA,ITH,North America
Jackson,USA,JAN,North America
Jackson,USA,JXN,North America
Jackson,USA,MKL,North America
Jackson Hole,USA,JAC,North America
Jacksonville,USA,JAX,North America
Jacksonville,USA,OAJ,North America
Jamestown,USA,JHW,North America
Jamestown,USA,JMS,North America
Johnstown,USA,JST,North America
Joplin,USA,JLN,North America
Juneau,USA,JNU,North America
Kahului,USA,OGG,North America
Kalamazoo/Battle Creek,USA,AZO,North America
Kalispell,USA,FCA,North America
Kamuela,USA,MUE,North America
Kansas City,USA,MCI,North America
Kapalua West,USA,JHM,North America
Kaunakakai,USA,MKK,North America
Kenai,USA,ENA,North America
Ketchikan,USA,KTN,North America
Key West,USA,EYW,North America
Killeem,USA,ILE,North America
King Salomon,USA,AKN,North America
Kingston,USA,ISO,North America
Klamath Fall,USA,LMT,North America
Klawock,USA,KLW,North America
Knoxville,USA,TYS,North America
Kodiak,USA,ADQ,North America
Kona,USA,KOA,North America
Kotzbue,USA,OTZ,North America
La Crosse,USA,LSE,North America
Labouchere Bay,USA,WLB,North America
Lafayette,USA,LAF,North America
Lafayette,USA,LFT,North America
Lake Charles,USA,LCH,North America
Lake Havasu City,USA,HII,North America
Lake Tahoe,USA,TVL,North America
Lanai City,USA,LNY,North America
Lancaster,USA,LNS,North America
Lansing,USA,LAN,North America
Laramie,USA,LAR,North America
Laredo,USA,LRD,North America
Las Vegas,USA,LAS,North America
Latrobe,USA,LBE,North America
Laurel/Hattisburg,USA,PIB,North America
Lawton,USA,LAW,North America
Lebanon,USA,LEB,North America
Lewiston,USA,LWS,North America
Lewistown,USA,LWT,North America
Lexington,USA,LEX,North America
Lihue,USA,LIH,North America
Lincoln,USA,LNK,North America
Little Rock,USA,LIT,North America
Long Beach,USA,LGB,North America
Long Island,USA,ISP,North America
Long Island,USA,LIJ,North America
Longview/Kilgore,USA,GGG,North America
Los Angeles,USA,LAX,North America
Louisville,USA,SDF,North America
Lubbock,USA,LBB,North America
Lynchburg,USA,LYH,North America
Macon,USA,MCN,North America
Madison,USA,MSN,North America
Manchester,USA,MHT,North America
Marathon,USA,MTH,North America
Marquette,USA,MQT,North America
Martha's Vineyard,USA,MVY,North America
Mason City,USA,MCW,North America
Mattoon,USA,MTO,North America
McAllen,USA,MFE,North America
Medford,USA,MFR,North America
Melbourne,USA,MLB,North America
Memphis,USA,MEM,North America
Merced,USA,MCE,North America
Meridian,USA,MEI,North America
Metlakatla,USA,MTM,North America
Miami,USA,MIA,North America
Midland/Odessa,USA,MAF,North America
Miles City,USA,MLS,North America
Milwaukee,USA,MKE,North America
Minneapolis - St. Paul Int'l Airport,USA,MSP,North America
Minot,USA,MOT,North America
Missula,USA,MSO,North America
Mitchell,USA,MHE,North America
Mobile,USA,MOB,North America
Modesto,USA,MOD,North America
Moline/Quad Cities,USA,MLI,North America
Monroe,USA,MLU,North America
Monterey,USA,MRY,North America
Montgomery,USA,MGM,North America
Montrose/Tellruide,USA,MTJ,North America
Morgantown,USA,MGW,North America
Moses Lake,USA,MWH,North America
Mt. McKinley,USA,MCL,North America
Muscle Shoals,USA,MSL,North America
Muskegon,USA,MKG,North America
Myrtle Beach,USA,MYR,North America
Nantucket,USA,ACK,North America
Naples,USA,APF,North America
Nashville,USA,BNA,North America
New Bern,USA,EWN,North America
New Haven,USA,HVN,North America
New Orleans,USA,MSY,North America
New York,USA,NYC,North America
New York - John F. Kennedy,USA,JFK,North America
New York - La Guardia,USA,LGA,North America
New York - Newark,USA,EWR,North America
Newburgh,USA,SWF,North America
Newport News/Williamsburg,USA,PHF,North America
Niagara Falls Int'l,USA,IAG,North America
Nome,USA,OME,North America
Norfolk/Virginia Beach,USA,ORF,North America
North Bend,USA,OTH,North America
Oakland,USA,OAK,North America
Oklahoma City,USA,OKC,North America
Omaha,USA,OMA,North America
Ontario,USA,ONT,North America
Orange County (Santa Ana),USA,SNA,North America
Orlando Int'l Airport,USA,ORL,North America
Oshkosh,USA,OSH,North America
Owensboro,USA,OWB,North America
Oxnard,USA,OXR,North America
Paducah,USA,PAH,North America
Page/Lake Powell,USA,PGA,North America
Pakersburg,USA,PKB,North America
Palm Springs,USA,PSP,North America
Palmdale/Lancaster,USA,PMD,North America
Panama City,USA,PFN,North America
Pasco,USA,PSC,North America
Pellston,USA,PLN,North America
Pendelton,USA,PDT,North America
Pensacola,USA,PNS,North America
Peoria/Bloomington,USA,PIA,North America
Petersburg,USA,PSG,North America
Philadelphia,USA,PHL,North America
Phoenix,USA,PHX,North America
Pierre,USA,PIR,North America
Pittsburgh Int'l Airport,USA,PIT,North America
Plattsburgh,USA,PLB,North America
Pocatello,USA,PIH,North America
Port Angeles,USA,CLM,North America
Portland,USA,PWM,North America
Portland Int'l,USA,PDX,North America
Poughkeepsie,USA,POU,North America
Presque Island,USA,PQI,North America
Providence,USA,PVD,North America
Prudhoe Bay,USA,SCC,North America
Pueblo,USA,PUB,North America
Pullman,USA,PUW,North America
Quincy,USA,UIN,North America
Raleigh/Durham,USA,RDU,North America
Rapid City,USA,RAP,North America
Reading,USA,RDG,North America
Redding,USA,RDD,North America
Redmond,USA,RDM,North America
Reno,USA,RNO,North America
Rhinelander,USA,RHI,North America
Richmond,USA,RIC,North America
Roanoke,USA,ROA,North America
Rochester,USA,ROC,North America
Rochester,USA,RST,North America
Rock Springs,USA,RKS,North America
Rockford,USA,RFD,North America
Rockland,USA,RKD,North America
Rocky Mount - Wilson,USA,RWI,North America
Sacramento,USA,SMF,North America
Saginaw/Bay City/Midland,USA,MBS,North America
Salem,USA,SLE,North America
Salinas,USA,SNS,North America
Salisbury,USA,SBY,North America
Salt Lake City,USA,SLC,North America
San Angelo,USA,SJT,North America
San Antonio,USA,SAT,North America
San Diego - Lindberg Field Int'l,USA,SAN,North America
San Francisco - Int'l Airport,USA,SFO,North America
San Jose,USA,SJC,North America
San Luis Obisco,USA,SBP,North America
Santa Barbara,USA,SBA,North America
Santa Maria,USA,SMX,North America
Santa Rosa,USA,STS,North America
Sarasota/Bradenton,USA,SRQ,North America
Savannah,USA,SAV,North America
Scottsdale,USA,SCF,North America
Seattle/Tacoma,USA,SEA,North America
Shenandoah Valley/Stauton,USA,SHD,North America
Sheridan,USA,SHR,North America
Shreveport,USA,SHV,North America
Sidney,USA,SDY,North America
Sioux City,USA,SUX,North America
Sioux Falls,USA,FSD,North America
Sitka,USA,SIT,North America
Skagway,USA,SGY,North America
South Bend,USA,SBN,North America
Spokane,USA,GEG,North America
Springfield,USA,SGF,North America
Springfield,USA,SPI,North America
St. George,USA,SGU,North America
St. Louis - Lambert,USA,STL,North America
State College/Belefonte,USA,SCE,North America
Steamboat Springs,USA,HDN,North America
Stockton,USA,SCK,North America
Sun Valley,USA,SUN,North America
Syracuse,USA,SYR,North America
Talkeetna,USA,TKA,North America
Tallahassee,USA,TLH,North America
Tampa Int'l,USA,TPA,North America
Telluride,USA,TEX,North America
Terre Haute,USA,HUF,North America
Texarkana,USA,TXK,North America
Thief River Falls,USA,TVF,North America
Thorne Bay,USA,KTB,North America
Toledo,USA,TOL,North America
Traverse City,USA,TVC,North America
Trenton/Princeton,USA,TTN,North America
Tri-Cities Regional,USA,TRI,North America
Tucson,USA,TUS,North America
Tulepo,USA,TUP,North America
Tulsa,USA,TUL,North America
Tuscaloosa,USA,TCL,North America
Twin Falls,USA,TWF,North America
Tyler,USA,TYR,North America
Utica,USA,UCA,North America
Vail,USA,EGE,North America
Valdez,USA,VDZ,North America
Valdosta,USA,VLD,North America
Vernal,USA,VEL,North America
Vero Beach/Ft. Pierce,USA,VRB,North America
Visalia,USA,VIS,North America
Waco,USA,ACT,North America
Walla Walla,USA,ALW,North America
Washington,USA,WAS,North America
Washington DC - Baltimore Washington Int'l,USA,BWI,North America
Washington DC - Dulles Int'l,USA,IAD,North America
Washington DC - Ronald Reagan National,USA,DCA,North America
Waterloo,USA,ALO,North America
Watertown,USA,ATY,North America
Wausau/Stevens Point,USA,CWA,North America
Wenatchee,USA,EAT,North America
West Palm Beach,USA,PBI,North America
West Yellowstone,USA,WYS,North America
White Plains,USA,HPN,North America
Wichita,USA,ICT,North America
Wichita Falls,USA,SPS,North America
Wilkes Barre/Scranton,USA,AVP,North America
Williamsport,USA,IPT,North America
Williston,USA,ISL,North America
Wilmington,USA,ILM,North America
Wolf Point,USA,OLF,North America
Worcester,USA,ORH,North America
Worland,USA,WRL,North America
Wrangell,USA,WRG,North America
Yakima,USA,YKM,North America
Yakutat,USA,YAK,North America
Yuma,USA,YUM,North America
Samarkand,Uzbekistan,SKD,Asia
Tashkent - Vostochny,Uzbekistan,TAS,Asia
Termez (Termes),Uzbekistan,TMZ,Asia
Port Vila,Vanuatu,VLI,South Pacific
Santo,Vanuatu,SON,South Pacific
Barcelona,Venezuela,BLA,South America
Caracas,Venezuela,CCS,South America
Maracaibo - La Chinita,Venezuela,MAR,South America
Margerita,Venezuela,PMV,South America
Puerto Ordaz,Venezuela,PZO,South America
Valencia,Venezuela,VLN,South America
Hanoi - Noibai,Viet Nam,HAN,Southeast Asia
Ho Chi Minh City (Saigon),Viet Nam,SGN,Southeast Asia
Hue - Phu Bai,Viet Nam,HUI,Southeast Asia
St. Croix,Virgin Islands,STX,Caribbean
St. Thomas,Virgin Islands,STT,Caribbean
Tortola,Virgin Islands,EIS,Caribbean
Virgin Gorda,Virgin Islands,VIJ,Caribbean
Futuna,Wallis and Futuna Islands,FUT,South Pacific
Wallis,Wallis and Futuna Islands,WLS,South Pacific
Aden,Yemen,ADE,Middle East
Sanaa (Sana'a) - Sana'a International,Yemen,SAH,Middle East
Belgrad (Beograd),Yugoslavia,BEG,Eastern Europe
Nis,Yugoslavia,INI,Eastern Europe
Novi Sad,Yugoslavia,QND,Eastern Europe
Podgorica,Yugoslavia,TGD,Eastern Europe
Pristina,Yugoslavia,PRN,Eastern Europe
Tivat,Yugoslavia,TIV,Eastern Europe
Kisangani,Zaire,FKI,Africa
Lumbumbashi,Zaire,FBM,Africa
Chipata,Zambia,CIP,Africa
Kitwe,Zambia,KIW,Africa
Lusaka,Zambia,LUN,Africa
Mfuwe,Zambia,MFU,Africa
N'Dola,Zambia,NLA,Africa
Buffalo Range,Zimbabwe,BFO,Africa
Bulawayo,Zimbabwe,BUQ,Africa
Gweru,Zimbabwe,GWE,Africa
Harare,Zimbabwe,HRE,Africa
Hwange National Park,Zimbabwe,HWN,Africa
Masvingo,Zimbabwe,MVZ,Africa
Salisbury,Zimbabwe,SAY,Africa
Victoria Falls,Zimbabwe,VFA,Africa
