pupil_id,first_name,last_name,dob,age,enrolled
1,Sallie,Small,2000-12-02,22,0
3,Candida,Mitchell,2000-10-10,22,0
4,Tobey,Small,2000-04-30,22,0
5,Chaim,Young,2000-01-18,22,0
6,Merill,MacNeil,2000-10-28,22,0
7,Sully,Jones,2000-11-19,22,0
8,Amalia,O'Carroll,2000-09-06,22,0
9,Estella,Grant,2000-10-22,22,0
10,Maggee,MacLean,2000-12-30,22,0
11,Pattin,O'Carroll,2000-07-17,22,0
12,Myrna,MacNeil,2000-03-17,22,0
13,Doralynne,Wilson,2000-08-30,22,0
14,Perla,Millar,2000-01-17,22,0
15,Dee,Davidson,2000-07-09,22,0
16,Sergeant,Campbell,2000-01-22,22,0
17,Brody,Mitchell,2000-08-16,22,0
18,Robbin,Ferguson,2000-11-14,22,0
19,Fernanda,Ferguson,2000-08-22,22,0
20,Caressa,O'Carroll,2000-12-06,22,0
21,Agosto,Grant,2000-11-18,22,0
22,Brooks,Smith,2000-03-30,22,0
23,Marja,Young,2000-08-17,22,0
24,Libby,Thomson,2000-07-27,22,0
25,Mariejeanne,MacLeod,2000-10-13,22,0
26,Vikki,Millar,2000-11-08,22,0
27,Colline,Davidson,2000-03-12,22,0
28,Cordelia,McGuire,2000-10-23,22,0
29,Austine,Paterson,2000-02-27,22,0
30,Karoline,Smith,2000-09-19,22,0
31,Harwell,Davidson,2000-12-27,22,0
32,Mariya,Jones,2001-07-09,21,0
33,Ikey,Docherty,2001-11-27,21,0
34,Yolane,Young,2001-11-01,21,0
35,Brandi,Mitchell,2001-03-24,21,0
36,Harlie,Paterson,2001-11-07,21,0
37,Rickert,Smiley,2001-04-06,21,0
38,Erie,Henderson,2001-07-23,21,0
39,Penelopa,Smyth,2001-09-03,21,0
40,Kirstyn,Wilson,2001-06-19,21,0
41,Chic,Ferguson,2001-10-28,21,0
42,Doll,McGuire,2001-12-08,21,0
43,Corny,Davidson,2001-07-11,21,0
44,Cully,Millar,2001-10-17,21,0
45,Meaghan,Millar,2001-10-11,21,0
46,Myriam,Thomson,2001-02-08,21,0
47,Faunie,MacLeod,2001-09-14,21,0
48,Nancee,Docherty,2001-02-08,21,0
49,Dulcine,Wilson,2001-10-24,21,0
50,Evonne,Ferguson,2001-02-01,21,0
51,Skip,Stewart,2001-10-16,21,0
52,Lyndsie,Grant,2001-03-28,21,0
53,Lorette,Wilson,2001-07-02,21,0
54,Marilee,MacLeod,2001-07-18,21,0
55,Grantley,Paterson,2001-05-24,21,0
56,Amabelle,O'Carroll,2001-06-27,21,0
57,Madison,Mitchell,2001-09-25,21,0
58,Georgianne,Stewart,2001-12-05,21,0
59,Sergeant,Simpson,2001-04-07,21,0
60,Jeannine,Docherty,2001-04-29,21,0
61,Smith,Ferguson,2001-02-19,21,0
62,Lizabeth,Campbell,2001-12-11,21,0
63,Fidel,MacDonald,2001-11-13,21,0
64,Ara,Brown,2001-05-08,21,0
65,Vidovic,Brown,2001-11-03,21,0
66,Florenza,Smyth,2001-11-04,21,0
67,Gifford,Clark,2001-06-18,21,0
68,Gerrie,Grant,2001-04-20,21,0
69,Dionisio,Henderson,2001-09-22,21,0
70,Martainn,Grant,2001-11-01,21,0
71,Merridie,Docherty,2002-09-16,20,0
72,Betti,Small,2002-03-09,20,0
73,Shaun,Davidson,2003-01-06,20,0
74,Marci,Millar,2002-02-20,20,0
75,De,Wilson,2002-12-17,20,0
76,Thatch,Robertson,2002-10-24,20,0
77,Alvinia,Docherty,2002-03-19,20,0
78,Fifi,Paterson,2002-04-29,20,0
79,Renelle,MacLeod,2002-02-11,20,0
80,Tressa,Henderson,2002-01-14,20,0
81,Ruby,Smith,2002-08-23,20,0
82,Cobbie,Wilson,2002-11-06,20,0
83,Laurella,Smiley,2002-04-19,20,0
84,Chas,Smith,2002-08-21,20,0
85,Pattin,O'Carroll,2002-04-14,20,0
86,Kurt,MacNeil,2002-09-11,20,0
87,Randi,Thomson,2002-08-22,20,0
88,Charyl,Young,2002-08-15,20,0
89,Almeda,MacDonald,2002-03-30,20,0
90,Aguste,Davidson,2002-05-06,20,0
91,Link,MacKinnon,2002-04-02,20,0
92,Bond,MacLean,2002-09-16,20,0
93,Sari,MacLeod,2002-12-24,20,0
94,Derek,MacLean,2002-09-28,20,0
95,Martita,Young,2002-07-09,20,0
96,Roseline,Small,2002-01-15,20,0
97,Lazarus,O'Carroll,2002-02-04,20,0
98,Sada,MacNeil,2002-12-08,20,0
99,Timotheus,Grant,2002-03-20,20,0
100,Biddie,Clark,2002-12-06,20,0
101,Ede,MacKinnon,2002-06-05,20,0
102,Nealon,Wilson,2003-06-18,19,0
103,Clark,Thomson,2003-02-02,19,0
104,Alisun,Smiley,2003-10-11,19,0
105,Kristin,Jones,2003-02-22,19,0
106,Barnabe,Davidson,2003-09-30,19,0
107,Mireille,MacLeod,2003-03-27,19,0
108,Cyb,Simpson,2003-05-21,19,0
109,Barthel,MacKinnon,2003-07-08,19,0
110,Reuben,Wilson,2003-10-22,19,0
111,Lucky,Paterson,2003-04-28,19,0
112,Phineas,Brown,2003-03-22,19,0
113,Peggie,Simpson,2003-11-29,19,0
114,Herb,Grant,2003-05-04,19,0
115,Verge,Docherty,2003-08-20,19,0
116,Matteo,Ferguson,2003-12-16,19,0
117,Aldridge,Campbell,2003-11-11,19,0
118,Dale,Millar,2003-04-01,19,0
119,Jacquelynn,MacNeil,2003-09-01,19,0
120,Minny,Small,2003-04-05,19,0
121,Sheila,O'Carroll,2003-06-14,19,0
122,Penelopa,MacKinnon,2003-09-11,19,0
123,Rudolf,MacLean,2003-01-18,19,0
124,Pierson,Docherty,2003-02-08,19,0
125,Ciro,Paterson,2003-11-01,19,0
126,Temp,Paterson,2003-05-08,19,0
127,Thaddus,Stewart,2003-10-13,19,0
128,Benny,Smyth,2003-02-07,19,0
129,Gilles,Brown,2003-02-21,19,0
130,Giulia,O'Carroll,2003-01-07,19,0
131,Mendie,Henderson,2003-11-13,19,0
132,Gannie,Smiley,2003-06-14,19,0
133,Cecil,O'Carroll,2003-03-11,19,0
134,Tome,Ferguson,2003-09-21,19,0
135,Friederike,Smyth,2003-04-18,19,0
136,Ingeborg,McGuire,2003-12-01,19,0
137,Clarke,Mitchell,2003-08-18,19,0
138,Nelly,Smiley,2003-02-10,19,0
139,Linea,Wilson,2003-09-02,19,0
140,Andros,Ferguson,2003-03-20,19,0
141,Imojean,Stewart,2003-10-06,19,0
142,Rania,MacLean,2003-09-22,19,0
143,Waly,Millar,2003-01-14,19,0
144,Ivonne,Wilson,2003-05-27,19,0
145,Mala,Young,2004-06-16,18,1
146,Gaile,Campbell,2005-01-04,18,1
147,Chas,Davidson,2004-08-10,18,1
148,Barny,McGuire,2004-08-07,18,1
149,Aubry,Paterson,2004-09-05,18,1
150,Abramo,MacNeil,2004-01-29,18,1
151,Halley,Robertson,2004-10-20,18,1
152,Pooh,Henderson,2004-05-14,18,1
153,Siobhan,MacNeil,2004-06-24,18,1
154,Sax,Small,2004-06-12,18,1
155,Gwyn,Young,2004-06-02,18,1
156,Amby,Small,2004-08-17,18,1
157,Morley,Simpson,2004-12-15,18,1
158,Brooke,Ferguson,2004-03-03,18,1
159,Ted,Smyth,2004-11-08,18,1
160,Farly,Small,2004-08-13,18,1
161,Rodi,Paterson,2004-07-17,18,1
162,Kristopher,Davidson,2004-04-13,18,1
163,Dawna,Thomson,2004-12-27,18,1
164,Dorella,MacLeod,2004-06-16,18,1
165,Cecilia,Simpson,2004-03-26,18,1
166,Stanton,O'Carroll,2004-03-15,18,1
167,Morrie,Millar,2004-04-23,18,1
168,Patrice,Thomson,2004-01-26,18,1
169,Ysabel,Young,2004-03-25,18,1
170,Carolyne,MacLean,2004-11-22,18,1
171,Netta,Grant,2004-08-28,18,1
172,Melisent,Grant,2004-08-11,18,1
173,Gradeigh,Clark,2004-10-09,18,1
174,Beaufort,Stewart,2004-06-03,18,1
175,Jobyna,MacLean,2004-04-18,18,1
176,Lancelot,Clark,2004-07-23,18,1
177,Harriot,Docherty,2004-09-19,18,1
178,Harriott,MacKinnon,2004-07-25,18,1
179,Zonda,Robertson,2004-08-26,18,1
180,Thelma,MacNeil,2004-08-13,18,1
181,Cull,Smiley,2004-10-07,18,1
182,Ario,Small,2004-02-08,18,1
183,Barry,Brown,2004-05-02,18,1
184,Bert,Stewart,2004-06-28,18,1
185,Mag,Jones,2004-06-21,18,1
186,Israel,Smiley,2004-10-28,18,1
187,Daron,McGuire,2004-06-19,18,1
188,Bobinette,Smiley,2004-10-25,18,1
189,Meade,Millar,2005-11-17,17,1
190,Jaymee,Stewart,2005-07-04,17,1
191,Hendrika,Robertson,2005-02-09,17,1
192,Antoni,Docherty,2005-04-20,17,1
193,Gerti,Simpson,2005-12-01,17,1
194,Lanita,Smiley,2005-09-14,17,1
195,Jerald,Jones,2005-09-05,17,1
196,Oralle,Campbell,2005-05-30,17,1
197,Jobina,Docherty,2005-03-08,17,1
198,Debbie,Robertson,2005-04-10,17,1
199,Lane,Brown,2005-09-03,17,1
200,Jeralee,Robertson,2005-04-20,17,1
201,Ellen,Small,2005-11-22,17,1
202,Emmy,Paterson,2005-06-27,17,1
203,Tammie,Wilson,2005-03-03,17,1
204,Jenny,Campbell,2005-11-26,17,1
205,Mollie,McGuire,2005-12-30,17,1
206,Cary,Smith,2005-02-08,17,1
207,Muffin,Small,2005-11-26,17,1
208,Emera,Small,2005-05-29,17,1
209,Boot,Paterson,2005-09-26,17,1
210,Ophelia,Henderson,2005-11-03,17,1
211,Maurizia,Thomson,2005-08-09,17,1
212,Gabriella,Campbell,2005-03-28,17,1
213,Xenia,Jones,2005-12-10,17,1
214,Ashbey,Paterson,2005-12-22,17,1
215,Arly,Smyth,2005-11-16,17,1
216,Mylo,Mitchell,2006-01-04,17,1
217,Tobe,McGuire,2005-06-13,17,1
218,Corbett,Ferguson,2005-03-31,17,1
219,Maud,Smith,2005-03-27,17,1
220,Hermia,Mitchell,2005-01-13,17,1
221,Amberly,Henderson,2005-06-06,17,1
222,Adele,Smiley,2005-02-13,17,1
223,Marji,MacLeod,2005-05-07,17,1
224,Cullie,Mitchell,2005-01-10,17,1
225,Malva,Grant,2005-03-07,17,1
226,Gretta,Wilson,2005-01-22,17,1
227,Kalila,MacDonald,2005-11-01,17,1
228,Car,Thomson,2005-02-14,17,1
229,Amandy,Wilson,2005-08-14,17,1
230,Daron,MacDonald,2005-04-02,17,1
231,Alexia,Thomson,2005-12-04,17,1
232,Wood,Clark,2005-03-01,17,1
233,Cordelie,Ferguson,2005-03-04,17,1
234,Ingram,Clark,2005-12-29,17,1
235,Biddie,Smiley,2005-09-20,17,1
236,Sheilakathryn,Henderson,2006-01-04,17,1
237,Bevvy,Henderson,2005-09-14,17,1
238,Cam,MacLean,2005-09-16,17,1
239,Lisa,Smiley,2005-05-10,17,1
240,Tamarra,Smith,2005-04-05,17,1
241,Cory,Paterson,2005-03-05,17,1
242,Gene,O'Carroll,2005-09-01,17,1
243,Bettina,Simpson,2005-03-29,17,1
244,Westbrook,Young,2005-10-05,17,1
245,Esmaria,O'Carroll,2005-11-13,17,1
246,Corrianne,MacNeil,2005-08-08,17,1
247,Terri-jo,Simpson,2005-07-30,17,1
248,Wait,Smyth,2006-05-19,16,1
249,Rodolph,Jones,2006-09-04,16,1
250,Nerty,Davidson,2006-11-30,16,1
251,Gretchen,Smyth,2006-05-26,16,1
252,Wynnie,Brown,2006-03-25,16,1
253,Eldridge,Young,2006-06-25,16,1
254,Celie,MacLean,2006-09-08,16,1
255,Nappie,MacLean,2006-10-19,16,1
256,Olympe,Wilson,2006-03-06,16,1
257,Miles,Davidson,2006-08-16,16,1
258,Jared,Small,2006-03-08,16,1
259,Virginia,Grant,2006-05-22,16,1
260,Elias,Smyth,2006-02-01,16,1
261,Jaquith,MacLeod,2006-11-17,16,1
262,Rudolph,MacLean,2006-07-01,16,1
263,Shandee,Smith,2006-12-18,16,1
264,Janelle,Brown,2006-06-03,16,1
265,Albertine,MacLean,2006-12-07,16,1
266,Ollie,McGuire,2006-06-18,16,1
267,Kip,O'Carroll,2006-08-15,16,1
268,Shurlock,Thomson,2006-06-11,16,1
269,Alexio,Smyth,2006-04-30,16,1
270,Carmina,Docherty,2006-02-18,16,1
271,Wendell,Grant,2006-10-07,16,1
272,Colman,Stewart,2006-03-29,16,1
273,Mikey,MacNeil,2006-04-26,16,1
274,Bondy,Millar,2006-11-14,16,1
275,Maighdiln,MacDonald,2007-01-01,16,1
276,Oralie,Campbell,2006-03-30,16,1
277,Wilie,Stewart,2006-12-29,16,1
278,Abey,Brown,2006-12-07,16,1
279,Lari,Young,2006-03-07,16,1
280,Starla,Small,2006-08-17,16,1
281,Richart,MacKinnon,2006-06-17,16,1
282,Husein,Thomson,2006-10-11,16,1
283,Retha,MacLean,2006-05-27,16,1
284,Philomena,Davidson,2006-04-25,16,1
285,Pamella,Ferguson,2006-08-10,16,1
286,Minerva,Campbell,2006-02-15,16,1
287,Orton,Clark,2006-09-23,16,1
288,Aubrette,Smyth,2006-02-21,16,1
289,Arvie,Grant,2006-08-24,16,1
290,Maje,Stewart,2006-01-19,16,1
291,Andeee,Simpson,2006-07-03,16,1
292,Biddy,MacDonald,2006-09-08,16,1
293,Aeriell,MacNeil,2006-02-01,16,1
294,Warren,Grant,2007-08-07,15,1
295,Kathe,McGuire,2007-10-11,15,1
296,Arte,Millar,2007-11-07,15,1
297,Genny,Millar,2007-04-01,15,1
298,Silvan,Millar,2007-01-12,15,1
299,Philomena,MacLean,2007-01-24,15,1
300,Jorie,Docherty,2007-09-21,15,1
301,Milton,Brown,2007-12-09,15,1
302,Kevan,MacLean,2007-10-11,15,1
303,Tiffanie,Grant,2007-12-29,15,1
304,Ailbert,Simpson,2007-11-17,15,1
305,Jo-anne,Stewart,2007-11-13,15,1
306,Roby,Campbell,2007-12-31,15,1
307,Thorny,Grant,2007-11-29,15,1
308,Alla,Smiley,2007-12-25,15,1
309,Joey,Stewart,2007-05-06,15,1
310,Tris,Smyth,2007-09-21,15,1
311,Earlie,Smyth,2007-08-25,15,1
312,Gery,Small,2007-09-18,15,1
313,Billie,Grant,2007-10-06,15,1
314,Zolly,Brown,2007-09-25,15,1
315,Steffie,MacLean,2007-07-25,15,1
316,Marshal,Paterson,2007-05-16,15,1
317,Rani,Millar,2007-01-14,15,1
318,Creight,Wilson,2007-08-01,15,1
319,Justino,MacLeod,2007-03-08,15,1
320,Arin,Smith,2007-09-06,15,1
321,Charlotte,Millar,2007-04-29,15,1
322,Adolph,Smith,2007-06-07,15,1
323,Beatrisa,MacLean,2007-11-15,15,1
324,Louella,Smith,2007-02-18,15,1
325,Tiena,MacDonald,2007-10-17,15,1
326,Ninnette,McGuire,2007-12-05,15,1
327,Sherm,Campbell,2007-09-15,15,1
328,Kai,Millar,2007-09-02,15,1
329,Vilhelmina,Thomson,2007-04-07,15,1
330,Sky,Young,2007-02-26,15,1
331,Georgia,Wilson,2007-01-10,15,1
332,Harry,Mitchell,2007-12-09,15,1
333,Jacquetta,Young,2007-04-12,15,1
334,Ahmed,Ferguson,2007-06-17,15,1
335,Heywood,MacLean,2008-04-02,14,1
336,Parker,Ferguson,2008-07-16,14,1
337,Menard,Simpson,2008-11-10,14,1
338,Tailor,MacKinnon,2008-07-28,14,1
339,Morgan,MacKinnon,2008-06-02,14,1
340,Pasquale,Davidson,2008-07-22,14,1
341,Deborah,Stewart,2008-10-12,14,1
342,Lianna,Wilson,2008-05-16,14,1
343,Jemmie,Ferguson,2008-04-15,14,1
344,Jessika,Stewart,2008-10-20,14,1
345,Letisha,Young,2008-06-16,14,1
346,Elwood,Smyth,2008-02-23,14,1
347,Jaymee,MacLeod,2008-03-13,14,1
348,Juanita,Clark,2008-08-08,14,1
349,Ryan,Millar,2008-08-26,14,1
350,Roderic,Smith,2008-09-21,14,1
351,Jenny,Ferguson,2008-05-18,14,1
352,Corbin,MacLeod,2008-02-26,14,1
353,Alvie,Docherty,2008-09-23,14,1
354,Packston,Grant,2008-04-07,14,1
355,Flore,Henderson,2008-07-21,14,1
356,Bliss,MacLean,2008-04-28,14,1
357,Tadeo,Small,2008-07-31,14,1
358,Arly,MacKinnon,2008-10-05,14,1
359,Brendan,Ferguson,2008-08-18,14,1
360,Pembroke,Brown,2008-07-19,14,1
361,Bealle,Grant,2008-04-19,14,1
362,Quinn,MacNeil,2008-07-17,14,1
363,Jada,MacLeod,2008-03-26,14,1
364,Michele,MacKinnon,2008-04-14,14,1
365,Corbie,Henderson,2008-08-12,14,1
366,Rivkah,Small,2008-11-04,14,1
367,Annice,Young,2008-07-20,14,1
368,Loraine,McGuire,2008-07-18,14,1
369,Nissy,Stewart,2008-04-19,14,1
370,Hally,Thomson,2008-05-14,14,1
371,Norean,Simpson,2008-07-11,14,1
372,Humfrey,Smith,2008-07-24,14,1
373,Kincaid,Ferguson,2008-04-27,14,1
374,Amelina,Thomson,2008-07-15,14,1
375,Shea,Wilson,2008-06-23,14,1
376,Trey,Millar,2008-04-15,14,1
377,Brandice,O'Carroll,2008-04-24,14,1
378,Hilliary,MacLeod,2008-02-18,14,1
379,Gunther,MacKinnon,2008-07-31,14,1
380,Odelle,Mitchell,2008-01-27,14,1
381,Donny,MacLeod,2009-08-24,13,1
382,Gard,Millar,2009-02-12,13,1
383,Cybil,Small,2009-10-21,13,1
384,Almira,Stewart,2009-06-12,13,1
385,Johannah,Thomson,2009-01-31,13,1
386,Kelly,Robertson,2009-05-14,13,1
387,Jamima,Young,2009-09-28,13,1
388,Scott,Henderson,2009-09-27,13,1
389,Josephine,Campbell,2009-08-18,13,1
390,Roxine,Stewart,2009-06-10,13,1
391,Tallia,Simpson,2009-08-13,13,1
392,Kendell,Jones,2009-02-22,13,1
393,Marleen,Grant,2009-11-13,13,1
394,Ediva,Jones,2009-07-29,13,1
395,Rubetta,Davidson,2009-08-07,13,1
396,Kathlin,Stewart,2009-09-19,13,1
397,Lari,Wilson,2009-07-11,13,1
398,Melany,Young,2009-06-24,13,1
399,Channa,Stewart,2009-02-23,13,1
400,Griff,Small,2009-04-01,13,1
401,Heather,Wilson,2009-10-08,13,1
402,Alica,Simpson,2009-08-18,13,1
403,Sven,Young,2009-07-26,13,1
404,Thomasin,Smiley,2009-03-16,13,1
405,Clyve,MacKinnon,2009-12-13,13,1
406,Emalia,Robertson,2009-02-20,13,1
407,Meta,Small,2009-03-17,13,1
408,Innis,Campbell,2009-05-04,13,1
409,Chip,MacKinnon,2009-12-14,13,1
410,Arabella,Wilson,2009-01-13,13,1
411,Bianca,Smiley,2009-09-05,13,1
412,Benjy,Wilson,2009-04-22,13,1
413,Hart,Clark,2009-03-20,13,1
414,Onfroi,Young,2009-08-27,13,1
415,Kira,Jones,2009-02-13,13,1
416,Danita,Robertson,2009-01-30,13,1
417,Pennie,Jones,2009-12-29,13,1
418,Raoul,Ferguson,2009-04-16,13,1
419,Gill,Millar,2009-06-06,13,1
420,Shela,Young,2009-03-07,13,1
421,Brandie,Brown,2009-11-23,13,1
422,Winn,MacLeod,2009-10-22,13,1
423,Georgianna,Campbell,2009-02-21,13,1
424,Alfonso,Henderson,2009-04-25,13,1
425,Dene,Thomson,2009-01-29,13,1
426,Ninette,MacDonald,2009-03-18,13,1
427,Humfrey,Smyth,2010-11-04,12,1
428,Ki,Small,2010-07-06,12,1
429,Walliw,Clark,2010-01-19,12,1
430,Arni,Ferguson,2010-08-24,12,1
431,Vickie,MacLeod,2010-04-13,12,1
432,Michal,MacNeil,2010-09-05,12,1
433,Linnea,Simpson,2010-10-29,12,1
434,Sascha,Millar,2010-10-31,12,1
435,Chrystel,Stewart,2010-09-30,12,1
436,Suzie,Wilson,2010-01-25,12,1
437,Joe,MacNeil,2010-03-28,12,1
438,Raddie,Young,2010-05-30,12,1
439,Sayer,MacNeil,2010-12-06,12,1
440,Ado,MacLeod,2010-05-01,12,1
441,Chiquita,O'Carroll,2010-02-22,12,1
442,Jessee,Stewart,2010-09-28,12,1
443,Gaby,Henderson,2011-01-01,12,1
444,Micky,Thomson,2010-01-19,12,1
445,Freida,Small,2010-11-12,12,1
446,Laverna,Mitchell,2010-09-12,12,1
447,Jori,Mitchell,2010-10-21,12,1
448,Thornton,Jones,2010-09-18,12,1
449,Sheila-kathryn,Jones,2010-05-23,12,1
450,Gisella,Stewart,2010-02-27,12,1
451,Gracie,Brown,2010-04-07,12,1
452,Serge,MacLeod,2010-02-06,12,1
453,Sandye,Docherty,2010-01-15,12,1
454,Gian,Ferguson,2010-07-19,12,1
455,Jobi,Millar,2010-08-04,12,1
456,Flori,Jones,2010-11-15,12,1
457,Stormie,Young,2010-12-11,12,1
458,Sargent,Robertson,2010-11-02,12,1
459,Noreen,Brown,2010-05-30,12,1
460,Rosmunda,MacKinnon,2010-02-02,12,1
461,Marcile,MacLean,2010-10-25,12,1
462,Susy,Wilson,2010-07-10,12,1
463,Vicki,MacLeod,2010-10-20,12,1
464,Napoleon,Mitchell,2010-09-28,12,1
465,Currey,Smith,2010-08-09,12,1
466,Kristal,Grant,2010-05-03,12,1
467,Molli,MacNeil,2011-01-04,12,1
468,Samaria,Small,2010-04-09,12,1
469,Lolly,Small,2010-12-02,12,1
470,Rosabella,Smiley,2010-09-05,12,1
471,Manolo,McGuire,2010-03-02,12,1
472,Fergus,Clark,2010-04-07,12,1
473,Lowe,Smith,2011-09-17,11,1
474,Ermina,Wilson,2011-04-03,11,1
475,Joyous,Henderson,2011-05-10,11,1
476,Emylee,MacLeod,2011-08-20,11,1
477,Annalise,Ferguson,2011-08-08,11,1
478,Aurlie,MacLean,2011-11-05,11,1
479,Olympie,O'Carroll,2011-04-20,11,1
480,Emelina,Jones,2011-01-22,11,1
481,Tera,Henderson,2011-08-24,11,1
482,Alvira,Smyth,2011-12-10,11,1
483,Olivier,Robertson,2011-09-10,11,1
484,Odilia,Campbell,2011-07-22,11,1
485,Angelina,Young,2011-08-13,11,1
486,Teresina,Docherty,2011-12-02,11,1
487,Morton,MacDonald,2011-08-13,11,1
488,Merna,McGuire,2011-01-22,11,1
489,Gertrud,McGuire,2011-09-29,11,1
490,Jeramey,Docherty,2011-03-26,11,1
491,Danyette,MacLean,2011-03-09,11,1
492,Billi,Millar,2011-12-30,11,1
493,Levy,Clark,2011-05-16,11,1
494,Boony,Ferguson,2011-02-23,11,1
495,Rebeka,Smith,2011-06-08,11,1
496,Pennie,Small,2011-04-28,11,1
497,Toiboid,Docherty,2011-12-17,11,1
498,Inez,Ferguson,2011-11-18,11,1
499,Sidonnie,Henderson,2011-07-18,11,1
500,Ricardo,Young,2011-12-30,11,1
501,Madlin,Paterson,2011-08-20,11,1
502,Guy,Young,2011-04-14,11,1
503,Allyce,Thomson,2011-05-18,11,1
504,Nial,Young,2011-12-23,11,1
505,Adolph,McGuire,2011-03-08,11,1
506,Demetris,Millar,2011-04-23,11,1
507,Lyndy,Grant,2011-02-23,11,1
508,Bellina,Grant,2011-07-18,11,1
509,Haydon,MacDonald,2011-05-01,11,1
510,Amalie,Mitchell,2011-09-20,11,1
511,Rufe,Robertson,2011-08-22,11,1
512,Lissa,MacKinnon,2011-03-31,11,1
513,Kaine,MacLean,2011-09-02,11,1
514,Cami,Wilson,2012-02-23,10,1
515,Percy,Small,2012-11-15,10,1
516,Cilka,O'Carroll,2012-07-13,10,1
517,Andreas,Davidson,2012-02-11,10,1
518,Stanleigh,Ferguson,2012-12-07,10,1
519,Gwynne,Smith,2012-06-09,10,1
520,Gordy,Henderson,2012-01-16,10,1
521,Gerrie,MacLean,2012-10-15,10,1
522,Anna-maria,Simpson,2012-03-01,10,1
523,Robin,Grant,2012-12-12,10,1
524,Jaime,MacDonald,2012-09-16,10,1
525,Cirilo,Clark,2012-07-17,10,1
526,Vergil,Simpson,2012-02-24,10,1
527,Marilyn,Davidson,2012-03-24,10,1
528,Araldo,Smyth,2012-10-04,10,1
529,Mark,MacDonald,2012-05-26,10,1
530,Beryle,Smyth,2012-06-25,10,1
531,Isahella,Clark,2012-05-21,10,1
532,Kinny,Jones,2012-05-12,10,1
533,Harlene,MacKinnon,2012-11-03,10,1
534,Simeon,Millar,2013-01-03,10,1
535,Cullin,Brown,2012-10-24,10,1
536,Bennett,Jones,2012-06-09,10,1
537,Matthieu,Jones,2012-09-22,10,1
538,Celesta,Millar,2012-01-13,10,1
539,Kial,Millar,2012-09-28,10,1
540,Ware,Campbell,2012-03-17,10,1
541,Adamo,MacKinnon,2012-08-26,10,1
542,West,Thomson,2012-10-02,10,1
543,Gallard,Docherty,2012-05-21,10,1
544,Filippa,Davidson,2012-07-02,10,1
545,Ethelred,Ferguson,2012-05-20,10,1
546,Simonne,Henderson,2012-08-13,10,1
547,Will,Smiley,2012-06-18,10,1
548,Evvie,Thomson,2012-02-27,10,1
549,Sheeree,MacLeod,2012-06-16,10,1
550,Agnella,Robertson,2012-03-31,10,1
551,Gualterio,Mitchell,2012-05-11,10,1
552,Benjamen,MacLean,2012-06-11,10,1
553,Jorgan,Mitchell,2012-06-07,10,1
554,Jeno,Brown,2012-11-17,10,1
555,Lola,MacLean,2012-12-24,10,1
556,Clarisse,Clark,2012-12-28,10,1
557,Saunders,Smyth,2012-01-09,10,1
558,Berty,Thomson,2012-11-07,10,1
559,Aubrie,Wilson,2012-04-06,10,1
560,Ruggiero,Smyth,2013-09-27,9,1
561,Queenie,Small,2013-12-29,9,1
562,Arlin,Davidson,2013-05-06,9,1
563,Ephraim,Ferguson,2013-08-28,9,1
564,Sonny,MacDonald,2013-12-11,9,1
565,Jeanna,MacKinnon,2013-06-03,9,1
566,Krissie,Smith,2013-06-15,9,1
567,Dill,Millar,2013-05-21,9,1
568,Agnesse,Wilson,2013-02-01,9,1
569,Vachel,Thomson,2013-12-07,9,1
570,Fairleigh,Clark,2013-01-08,9,1
571,Erny,Thomson,2013-08-24,9,1
572,Bobine,Young,2013-02-26,9,1
573,Adrianne,Millar,2013-07-01,9,1
574,Andrey,Young,2013-08-06,9,1
575,Gunilla,Brown,2013-03-29,9,1
576,Joella,MacDonald,2013-02-05,9,1
577,Maureen,Thomson,2013-06-29,9,1
578,Fawnia,Simpson,2013-02-09,9,1
579,Curtis,Robertson,2013-03-05,9,1
580,Lothaire,Mitchell,2013-04-30,9,1
581,Glad,O'Carroll,2013-05-25,9,1
582,Cherin,Small,2013-12-20,9,1
583,Shay,Brown,2013-10-09,9,1
584,Currey,Clark,2013-03-02,9,1
585,Danyelle,Clark,2013-12-16,9,1
586,Lacey,McGuire,2013-11-21,9,1
587,Frances,McGuire,2013-10-18,9,1
588,Evyn,Thomson,2013-01-13,9,1
589,Ninnette,MacNeil,2013-10-11,9,1
590,Mercy,Young,2013-01-20,9,1
591,Sibella,Paterson,2013-05-15,9,1
592,Geri,MacLeod,2013-01-16,9,1
593,Rockie,Smyth,2013-07-25,9,1
594,Grannie,Jones,2013-07-13,9,1
595,Carmencita,Simpson,2013-12-23,9,1
596,Jorey,Clark,2013-10-21,9,1
597,Coral,Millar,2013-10-29,9,1
598,Emlyn,Wilson,2013-05-16,9,1
599,Karylin,Grant,2013-11-22,9,1
600,Elyse,Stewart,2013-04-11,9,1
601,Danell,Smiley,2014-10-28,8,1
602,Cosetta,Young,2014-08-30,8,1
603,Janna,Henderson,2014-05-20,8,1
604,Billy,MacLeod,2014-11-29,8,1
605,Elle,Mitchell,2014-03-11,8,1
606,Allx,Docherty,2014-12-13,8,1
607,Tamarah,Paterson,2014-03-14,8,1
608,Cookie,MacKinnon,2014-01-22,8,1
609,Lizzie,MacNeil,2014-07-31,8,1
610,Eden,Robertson,2014-06-01,8,1
611,Rozalie,Young,2014-02-15,8,1
612,Willem,MacLeod,2014-03-22,8,1
613,Stephana,Clark,2014-01-10,8,1
614,Trenna,Robertson,2014-04-07,8,1
615,Vonnie,Jones,2014-09-16,8,1
616,Man,Smiley,2014-07-07,8,1
617,Dilan,Clark,2014-04-12,8,1
618,Eben,Docherty,2014-05-18,8,1
619,Lon,Paterson,2014-08-25,8,1
620,Shirl,MacDonald,2014-04-23,8,1
621,Kevyn,Smiley,2014-03-09,8,1
622,Elva,Wilson,2014-09-15,8,1
623,Marianne,Docherty,2014-11-30,8,1
624,Laurie,Young,2014-04-21,8,1
625,Sheffy,MacDonald,2014-07-03,8,1
626,Blythe,Thomson,2014-11-05,8,1
627,Zeb,McGuire,2014-05-15,8,1
628,Grata,Mitchell,2014-01-09,8,1
629,Lynna,Mitchell,2014-10-29,8,1
630,Joni,Brown,2014-10-31,8,1
631,Cary,Robertson,2014-04-14,8,1
632,Susanna,Ferguson,2014-01-20,8,1
633,Gerome,Millar,2014-03-03,8,1
634,Rebecka,Wilson,2014-10-01,8,1
635,Harman,Henderson,2014-08-25,8,1
636,Ketti,Thomson,2014-09-01,8,1
637,Chrystal,MacDonald,2014-04-17,8,1
638,Kleon,Campbell,2014-09-14,8,1
639,Bart,Ferguson,2014-06-22,8,1
640,Hilton,Smyth,2014-10-24,8,1
641,Delcina,Henderson,2014-12-30,8,1
642,Roda,Campbell,2014-05-06,8,1
643,Inna,Smyth,2014-10-02,8,1
644,Galen,Ferguson,2014-12-08,8,1
645,Robbie,Smiley,2014-12-31,8,1
646,Novelia,Simpson,2014-08-01,8,1
647,Modesta,Davidson,2014-09-12,8,1
648,Goldi,Grant,2014-08-04,8,1
649,Wendi,MacNeil,2014-02-15,8,1
650,Steffi,Stewart,2014-08-24,8,1
651,Raf,Campbell,2014-07-21,8,1
652,Mick,Smiley,2014-07-16,8,1
653,Torry,Robertson,2014-11-24,8,1
654,Moses,Young,2014-09-01,8,1
655,Frazier,O'Carroll,2014-08-01,8,1
656,Chancey,Mitchell,2014-01-12,8,1
657,Darwin,Grant,2014-12-03,8,1
658,Dari,MacKinnon,2014-06-24,8,1
659,Octavia,Paterson,2014-08-31,8,1
660,Redd,Ferguson,2014-05-26,8,1
661,Susi,Docherty,2014-08-08,8,1
662,Nathalie,Thomson,2014-09-24,8,1
663,Roxanne,MacNeil,2014-08-20,8,1
664,Jasun,Grant,2015-10-02,7,1
665,Harbert,MacLeod,2015-05-07,7,1
666,Titus,Campbell,2015-05-10,7,1
667,Anallise,O'Carroll,2015-04-25,7,1
668,Niven,Paterson,2015-03-06,7,1
669,Thedrick,Davidson,2015-11-06,7,1
670,Sterling,Henderson,2015-05-01,7,1
671,Selie,Small,2015-05-29,7,1
672,Kippar,MacLean,2015-11-20,7,1
673,Sisile,Stewart,2015-01-23,7,1
674,Hamlin,Jones,2015-07-30,7,1
675,Daune,MacDonald,2015-06-21,7,1
676,Norean,MacNeil,2015-01-19,7,1
677,Aura,Docherty,2015-10-06,7,1
678,Flint,Brown,2015-02-24,7,1
679,Brittne,O'Carroll,2015-01-29,7,1
680,Bevon,Campbell,2015-12-21,7,1
681,Scotti,Stewart,2015-06-28,7,1
682,Cornell,MacKinnon,2015-08-18,7,1
683,Allegra,Grant,2015-10-10,7,1
684,Abbye,Simpson,2015-01-14,7,1
685,Emmeline,MacLean,2015-07-29,7,1
686,Lew,MacKinnon,2015-06-04,7,1
687,Jessi,MacLean,2015-11-18,7,1
688,Lilla,Grant,2015-01-08,7,1
689,Ruprecht,Millar,2015-03-02,7,1
690,Tabbie,Thomson,2015-12-20,7,1
691,Beck,Robertson,2015-11-07,7,1
692,Puff,Young,2015-01-28,7,1
693,Anton,Thomson,2015-08-24,7,1
694,Avie,Davidson,2015-05-04,7,1
695,Lucila,MacNeil,2015-09-22,7,1
696,Esma,Young,2015-08-17,7,1
697,Graig,Wilson,2015-03-27,7,1
698,Mauricio,Ferguson,2015-11-01,7,1
699,Timoteo,Smiley,2015-12-29,7,1
700,Mirilla,Ferguson,2015-01-12,7,1
701,Cybil,Wilson,2015-04-01,7,1
702,Allayne,Robertson,2016-03-13,6,1
703,Gale,Docherty,2016-10-07,6,1
704,Ingelbert,Grant,2016-11-27,6,1
705,Cass,O'Carroll,2016-12-31,6,1
706,Horatia,Paterson,2016-06-11,6,1
707,Matthieu,Millar,2016-01-22,6,1
708,Benjamen,Campbell,2016-01-27,6,1
709,Cchaddie,Campbell,2016-08-07,6,1
710,Duncan,Paterson,2016-07-27,6,1
711,Liuka,MacKinnon,2016-08-13,6,1
712,Ingeborg,McGuire,2016-05-31,6,1
713,Wilden,Millar,2016-05-09,6,1
714,Ali,Smyth,2016-09-30,6,1
715,Jeanette,Smiley,2016-09-10,6,1
716,Oliver,Smyth,2016-03-05,6,1
717,Harper,Grant,2016-02-13,6,1
718,Niven,Clark,2016-02-03,6,1
719,Nettle,Davidson,2016-03-20,6,1
720,Stefa,McGuire,2016-08-26,6,1
721,Blair,MacLeod,2016-07-14,6,1
722,Maryellen,Grant,2016-12-05,6,1
723,Antone,Jones,2016-01-17,6,1
724,Lynea,Smiley,2016-05-17,6,1
725,Regen,Davidson,2016-10-28,6,1
726,Buck,Mitchell,2016-10-18,6,1
727,Debra,Mitchell,2016-03-11,6,1
728,Ray,MacDonald,2016-12-17,6,1
729,Pamela,Smith,2016-08-04,6,1
730,Dulciana,Small,2016-10-13,6,1
731,Rayshell,Smith,2016-08-13,6,1
732,Nathan,Simpson,2016-05-27,6,1
733,Bette-ann,O'Carroll,2016-11-12,6,1
734,Tobie,Henderson,2016-05-29,6,1
735,Sammie,Henderson,2016-03-22,6,1
736,Zerk,Stewart,2016-09-23,6,1
737,Elinore,MacLean,2016-04-09,6,1
738,Launce,Small,2016-05-14,6,1
739,Mandi,MacDonald,2016-02-15,6,1
740,Hyacinthia,MacLeod,2016-10-11,6,1
741,Tabbatha,Smyth,2016-11-12,6,1
742,Dewain,Millar,2016-11-16,6,1
743,Dewie,Davidson,2016-11-19,6,1
744,Ellissa,Young,2016-05-03,6,1
745,Bettine,Docherty,2016-04-07,6,1
746,Fowler,Robertson,2016-05-22,6,1
747,Brett,Smyth,2016-12-27,6,1
748,Perice,MacDonald,2016-03-05,6,1
749,Bernetta,MacDonald,2016-08-03,6,1
750,Douglass,Brown,2017-06-06,5,1
751,Reinhold,MacNeil,2017-09-17,5,1
752,Abran,Brown,2017-02-16,5,1
753,Lion,Mitchell,2017-04-26,5,1
754,Edwin,MacNeil,2017-06-26,5,1
755,Reg,MacDonald,2017-04-04,5,1
756,Annecorinne,MacNeil,2017-06-02,5,1
757,Loreen,Paterson,2017-04-12,5,1
758,Toby,MacLeod,2017-05-02,5,1
759,Michele,Smiley,2017-04-28,5,1
760,Thia,Mitchell,2017-12-18,5,1
761,Correy,Henderson,2017-08-22,5,1
762,Hailee,Jones,2017-04-03,5,1
763,Jamal,Clark,2017-07-23,5,1
764,Kylie,Clark,2017-11-15,5,1
765,Daphna,Paterson,2017-07-07,5,1
766,Piper,MacLeod,2017-08-21,5,1
767,Thurstan,Davidson,2017-09-13,5,1
768,Legra,Smith,2017-02-07,5,1
769,Shane,MacLeod,2017-12-17,5,1
770,Chrissy,MacNeil,2017-11-12,5,1
771,Rosalia,O'Carroll,2017-11-02,5,1
772,Leia,MacLean,2017-11-28,5,1
773,Hazel,Docherty,2017-11-19,5,1
774,Yardley,Millar,2017-04-08,5,1
775,Horace,MacDonald,2017-03-03,5,1
776,Helge,Robertson,2017-03-28,5,1
777,Kelly,Simpson,2017-04-30,5,1
778,Leicester,Wilson,2017-06-20,5,1
779,Carolann,Smiley,2017-06-28,5,1
780,Lynette,Grant,2017-03-21,5,1
781,Meara,McGuire,2017-09-04,5,1
782,Elenore,MacLeod,2017-09-12,5,1
783,Shawna,Robertson,2017-06-19,5,1
784,Page,Clark,2017-11-03,5,1
785,Alvin,O'Carroll,2017-02-04,5,1
786,Trevor,Robertson,2017-01-09,5,1
787,Dore,Robertson,2018-10-29,4,1
788,Carrol,Jones,2018-08-05,4,1
789,Cathyleen,Clark,2018-09-28,4,1
790,Lotte,Smyth,2018-01-05,4,1
791,Brenda,Smith,2018-10-29,4,1
792,Prudence,Paterson,2018-07-09,4,1
793,Hyman,MacKinnon,2018-07-13,4,1
794,Tildie,O'Carroll,2018-12-26,4,1
795,Hadley,Clark,2018-10-14,4,1
796,Krystyna,Wilson,2018-09-20,4,1
797,Josi,Robertson,2018-11-21,4,1
798,Jeane,Smyth,2018-11-16,4,1
799,Kristos,Mitchell,2018-10-12,4,1
800,Solomon,McGuire,2018-02-18,4,1
801,Briny,Jones,2018-01-06,4,1
802,Glynnis,MacLeod,2018-07-05,4,1
803,Harrie,Simpson,2018-11-08,4,1
804,Berny,MacLean,2018-06-07,4,1
805,Rozella,Smyth,2018-03-06,4,1
806,Millie,McGuire,2018-01-11,4,1
807,Syman,McGuire,2018-02-26,4,1
808,Nettle,Wilson,2018-10-17,4,1
809,Elsi,Young,2018-12-27,4,1
810,Fredelia,Robertson,2018-03-08,4,1
811,Gretel,Grant,2018-09-14,4,1
812,Ninette,Smyth,2018-02-14,4,1
813,Saunder,MacDonald,2018-11-30,4,1
814,Buffy,Paterson,2018-04-28,4,1
815,Latia,MacKinnon,2018-04-06,4,1
816,Beverlee,Docherty,2018-06-21,4,1
817,Marjie,Brown,2019-05-13,3,1
818,Magdaia,Campbell,2019-08-20,3,1
819,Brittani,MacDonald,2019-04-30,3,1
820,Francois,Young,2019-08-13,3,1
821,Evered,Stewart,2019-12-29,3,1
822,Mersey,Smith,2019-09-29,3,1
823,Alanson,Brown,2019-08-31,3,1
824,Gardener,Smith,2019-03-19,3,1
825,Kath,Smiley,2019-11-27,3,1
826,Carlie,Clark,2019-06-29,3,1
827,Audre,MacNeil,2019-06-19,3,1
828,Sissy,Henderson,2019-03-04,3,1
829,Mariel,Robertson,2019-06-23,3,1
830,Galen,Grant,2019-05-29,3,1
831,Brander,Davidson,2019-10-20,3,1
832,Krystle,Simpson,2019-09-29,3,1
833,Manon,McGuire,2019-10-14,3,1
834,Clayborn,Campbell,2019-09-11,3,1
835,Osmond,MacLeod,2019-11-23,3,1
836,Abey,Small,2019-02-13,3,1
837,Tobi,Henderson,2019-11-09,3,1
838,Modestia,Smith,2019-10-26,3,1
839,Rayshell,MacLeod,2019-06-01,3,1
840,Andree,Campbell,2019-01-07,3,1
841,Kirbee,Paterson,2019-08-07,3,1
842,Delano,Stewart,2019-07-31,3,1
843,Kerrin,Docherty,2019-03-19,3,1
844,Nikola,MacNeil,2019-04-13,3,1
845,Zack,Smyth,2019-04-22,3,1
846,Rozalie,Thomson,2019-12-13,3,1
847,Bren,Docherty,2019-07-08,3,1
848,Gweneth,O'Carroll,2020-09-08,2,0
849,Kaycee,Simpson,2020-05-21,2,0
850,Charil,Jones,2020-02-21,2,0
851,Hyatt,MacLean,2020-01-24,2,0
852,Jarvis,Thomson,2020-05-21,2,0
853,Ashlen,MacNeil,2020-09-15,2,0
854,Oliver,MacLean,2020-12-10,2,0
855,Consalve,MacKinnon,2021-01-01,2,0
856,Ula,Grant,2020-08-16,2,0
857,Elle,MacDonald,2020-12-01,2,0
858,Craig,MacNeil,2020-02-11,2,0
859,Amory,Ferguson,2020-09-21,2,0
860,Peg,Grant,2020-08-12,2,0
861,Laetitia,Wilson,2020-12-13,2,0
862,Bunny,Smyth,2020-09-04,2,0
863,Caroljean,MacNeil,2020-07-21,2,0
864,Ilyssa,Thomson,2020-01-07,2,0
865,Martita,Ferguson,2020-05-23,2,0
866,Martynne,Millar,2020-12-30,2,0
867,Bibby,Clark,2020-06-06,2,0
868,Chiarra,Jones,2020-07-28,2,0
869,Carma,Young,2020-09-11,2,0
870,Errol,Small,2020-11-25,2,0
871,Dolley,Small,2020-04-15,2,0
872,Dona,Wilson,2020-08-29,2,0
873,Marylynne,Jones,2020-10-11,2,0
874,Gayle,Mitchell,2020-03-03,2,0
875,Clayborne,MacNeil,2020-03-20,2,0
876,Frank,Young,2020-02-13,2,0
877,Casie,Paterson,2020-01-31,2,0
878,Jessie,Davidson,2020-04-29,2,0
879,Adelheid,Robertson,2020-02-05,2,0
880,Agosto,McGuire,2020-07-07,2,0
881,My,MacLean,2020-09-26,2,0
882,Jere,Jones,2020-08-09,2,0
883,Winslow,Paterson,2020-11-22,2,0
884,Quentin,Ferguson,2020-01-29,2,0
885,Merci,Campbell,2020-05-17,2,0
886,Rolfe,McGuire,2020-07-05,2,0
887,Nalani,MacDonald,2020-08-25,2,0
888,Mirabella,Smith,2020-12-13,2,0
889,Town,Robertson,2020-10-10,2,0
890,Jaye,Campbell,2020-03-23,2,0
891,Ramsay,Simpson,2020-09-24,2,0
892,Camile,Small,2020-05-31,2,0
893,Towney,McGuire,2020-03-09,2,0
894,Ives,MacNeil,2020-11-10,2,0
895,Jorrie,MacKinnon,2021-03-14,1,0
896,Margie,Paterson,2021-06-12,1,0
897,Roddy,MacDonald,2021-03-27,1,0
898,Karel,Paterson,2021-09-23,1,0
899,Cate,MacNeil,2021-10-08,1,0
900,Lou,Wilson,2021-08-23,1,0
901,Hercule,MacNeil,2021-04-05,1,0
902,Cassy,Docherty,2021-10-31,1,0
903,Vonnie,Smiley,2021-07-17,1,0
904,Wolf,Davidson,2021-12-25,1,0
905,Melesa,Brown,2021-05-22,1,0
906,Balduin,Clark,2021-08-17,1,0
907,Rivi,Stewart,2021-07-04,1,0
908,Stephan,Davidson,2021-07-20,1,0
909,Falito,Smith,2021-01-14,1,0
910,Nanny,Young,2021-08-15,1,0
911,Brand,Smith,2021-05-05,1,0
912,Andrey,Mitchell,2021-08-07,1,0
913,Shadow,MacDonald,2021-12-24,1,0
914,Ainslee,Smith,2021-06-04,1,0
915,Moss,Davidson,2021-11-05,1,0
916,Ninette,McGuire,2021-10-20,1,0
917,Hurley,MacDonald,2021-04-21,1,0
918,Aurelia,Docherty,2021-07-31,1,0
919,Iggy,Robertson,2021-03-14,1,0
920,Isabella,Mitchell,2021-08-07,1,0
921,Karole,Wilson,2021-09-19,1,0
922,Renaud,Davidson,2021-03-18,1,0
923,Brooks,Paterson,2021-05-01,1,0
924,Akim,Simpson,2021-04-25,1,0
925,Welch,Ferguson,2021-08-22,1,0
926,Lindie,Simpson,2021-11-13,1,0
927,Dulce,O'Carroll,2021-09-13,1,0
928,Marris,Millar,2021-05-18,1,0
929,Iorgo,Smyth,2021-11-18,1,0
930,Glenine,Ferguson,2021-04-27,1,0
931,Griffin,MacNeil,2021-09-01,1,0
932,Prescott,Ferguson,2021-04-14,1,0
933,Nadean,Stewart,2021-04-22,1,0
934,Sal,Paterson,2021-02-17,1,0
935,Miles,Wilson,2021-11-16,1,0
936,Ruthe,Thomson,2021-09-30,1,0
937,Amata,McGuire,2021-05-22,1,0
938,Alvinia,O'Carroll,2021-01-10,1,0
939,Munroe,Grant,2021-11-26,1,0
940,Evelin,Wilson,2021-11-08,1,0
941,Darren,MacDonald,2021-01-22,1,0
942,Raviv,Brown,2021-11-08,1,0
943,Gabriella,Docherty,2021-03-27,1,0
944,Bax,MacLean,2021-02-10,1,0
945,Ritchie,Campbell,2021-05-04,1,0
946,Tova,Davidson,2021-12-03,1,0
947,Lilli,Davidson,2021-07-31,1,0
948,Hester,Stewart,2021-05-12,1,0
949,Krisha,Jones,2021-01-22,1,0
950,Clemence,Brown,2021-12-12,1,0
951,Anet,Jones,2021-04-27,1,0
952,Hamlin,Grant,2022-09-27,0,0
953,Lonnie,Smiley,2022-12-09,0,0
954,Lyndsie,Robertson,2022-02-06,0,0
955,Gerick,Clark,2022-06-06,0,0
956,Deni,McGuire,2022-04-20,0,0
957,Ches,Millar,2022-05-05,0,0
958,Keith,Millar,2022-11-19,0,0
959,Marta,Robertson,2022-11-14,0,0
960,Janith,Millar,2022-02-20,0,0
961,Netti,O'Carroll,2022-06-24,0,0
962,Sibilla,Thomson,2022-08-13,0,0
963,Sissy,MacLean,2022-07-06,0,0
964,Wadsworth,Smyth,2022-03-17,0,0
965,Marwin,McGuire,2022-03-13,0,0
966,Timofei,Wilson,2022-12-26,0,0
967,Pammy,Smith,2022-11-23,0,0
968,Janean,Docherty,2022-09-15,0,0
969,Etty,Smith,2022-12-06,0,0
970,Reba,Young,2022-11-25,0,0
971,Belvia,Davidson,2022-10-22,0,0
972,Lou,Stewart,2022-04-11,0,0
973,Emmy,Stewart,2022-09-15,0,0
974,Frank,Campbell,2022-09-17,0,0
975,Leland,Small,2022-01-18,0,0
976,Garth,Millar,2022-07-12,0,0
977,Carroll,Henderson,2022-09-01,0,0
978,Priscilla,MacKinnon,2022-04-21,0,0
979,Geoff,Brown,2022-08-23,0,0
980,Angelo,Smith,2022-11-01,0,0
981,Marylin,Mitchell,2022-04-25,0,0
982,Lisabeth,Smiley,2022-09-15,0,0
983,Huntley,Smyth,2022-12-08,0,0
984,Deb,MacLeod,2022-10-12,0,0
985,Monika,McGuire,2022-10-23,0,0
986,Doe,Wilson,2022-11-19,0,0
987,Fionnula,Campbell,2022-08-07,0,0
988,Alden,Young,2022-12-19,0,0
989,Gibby,Robertson,2022-05-06,0,0
990,Dannel,Mitchell,2022-12-24,0,0
991,Johnette,Smyth,2022-09-20,0,0
992,Pasquale,Wilson,2022-03-16,0,0
993,Jan,Mitchell,2022-07-21,0,0
994,Corabella,Young,2022-07-25,0,0
995,Missie,Mitchell,2022-02-07,0,0
996,Nikki,Campbell,2022-12-01,0,0
997,Eliot,Smiley,2022-05-10,0,0
998,Camel,MacLeod,2022-11-03,0,0
999,Ada,Clark,2022-04-22,0,0
1000,Jere,Young,2022-06-17,0,0
